programme,cycle,year,name,website,thesis,supervisor,co_supervisor,tutor,sector,position,previous_position,repository,cycle_estimated
"Economics, Statistics and Data Science",XXXIV,2023,Luca Brusa,https://www.unimib.it/luca-brusa,Developments in Discrete Latent Variable Models: Dealing with Likelihood Multimodality and Clustering of Simple Hypergraphs,Fulvia Pennoni,Francesco Bartolucci (Univ. Perugia),Giorgio Vittadini,Postdoc,"Postdoctoral Research Fellow in Statistics, University of Milano-Bicocca",,https://hdl.handle.net/10281/405976,
"Economics, Statistics and Data Science",XXXIV,2023,Chiara Galimberti,,Advanced Analytics and Machine Learning for Industrial Manufacturing Applications,Stefano Peluso (Univ. Cattolica),,Aldo Solari,Industry,"Senior Data Scientist, PriceHubble",,https://hdl.handle.net/10281/405975,
"Economics, Statistics and Data Science",XXXIV,2023,Filippo Giorgini,,Global Games of Policy Change: the Role of Sociopolitical Variables in Affecting the Equilibrium and its Uniqueness,Mario Gilli,,Francesca Greselin,Industry,"Senior Data Scientist, Merkle",,https://hdl.handle.net/10281/415896,
"Economics, Statistics and Data Science",XXXIV,2023,Camilla Salvatore,https://sites.google.com/view/camillasalvatore/,Essays on Inference for Non-probability Samples and Survey Data Integration,Silvia Biffignandi (Univ. Bergamo),,Piergiorgio Lovaglio,Academia,"Assistant Professor, Methodology & Statistics, Utrecht University",,https://hdl.handle.net/10281/415797,
"Economics, Statistics and Data Science",XXXV,2024,Federico Cortese,https://federicocortese.github.io/,Statistical Modeling and Temporal Clustering of Multivariate Time-series with Applications to Financial Data,Fulvia Pennoni,Francesco Bartolucci (Univ. Perugia);Petter Kolm (NYU);Erik Lindström (Lund Univ.),Matteo Pelagatti,Postdoc,"Postdoctoral researcher, Department of Economics, Management and Quantitative Methods, University of Milan",,https://hdl.handle.net/10281/460320,
"Economics, Statistics and Data Science",XXXV,2024,Alice Giampino,https://alicegiampino.github.io/,Innovative Approaches to Bayesian Clustering Methods: Parametric and Nonparametric Perspectives,Bernardo Nipoti,Michele Guindani (UCLA),Sonia Migliorati,Postdoc,"Postdoctoral Research Fellow in Statistics, University of Milano-Bicocca",,https://hdl.handle.net/10281/461718,
"Economics, Statistics and Data Science",XXXV,2024,Silvio Gerli,,A Novel Methodology to Make Topic Models Predict Real Topics and to Compare them in Big Data Corpus,Matteo Borrotti,,Fulvia Pennoni,Industry,"CEO, Sinte srl",,https://hdl.handle.net/10281/461858,
"Economics, Statistics and Data Science",XXXV,2024,Alessandro Mascaro,https://alesmascaro.github.io/,Bayesian Approaches to Causal Inference and Discovery from Observational and Interventional Data,Federico Castelletti (Univ. Cattolica),,Lucia Paci (Univ. Cattolica),Industry,"Senior Statistician, AstraZeneca",,https://hdl.handle.net/10281/460558,
"Economics, Statistics and Data Science",XXXV,2024,Vincenzo Nardelli,https://docenti.unicatt.it/ppd2/it/docenti/80554/vincenzo-nardelli/profilo,Methods for Extracting Valuable Information from Spatial Web and Open Reliable Data,Giuseppe Arbia (Univ. Cattolica),,Stefano Peluso (Univ. Cattolica),Academia (other),"Assistant Professor (RTD-A), Università Cattolica del Sacro Cuore",,https://hdl.handle.net/10281/461343,
"Economics, Statistics and Data Science",XXXV,2024,Fabio Piacenza,,"Holistic Approach to Operational Risk: Issues, Solutions, and Decision Making",Francesca Greselin,Ričardas Zitikis (Western Univ.),Francesca Greselin,Industry,"Senior Quantitative Analyst, Operational Risk, UniCredit",,https://hdl.handle.net/10281/482899,
"Economics, Statistics and Data Science",XXXVI,2025,Luca Aiello,https://sites.google.com/view/luca-aiello,Advanced Bayesian Modeling in Public Health and Environmental Risk Assessment,Lucia Paci (Univ. Cattolica),Raffaele Argiento (Univ. Bergamo),,Postdoc,"Postdoctoral researcher, Department of Biostatistics, UCLA",,https://hdl.handle.net/10281/541421,
"Economics, Statistics and Data Science",XXXVI,2025,Francesco Barile,https://francescobarile.github.io/,Advances in Bayesian Methods: Nonparametric Network Modeling and Scalable Computations,Bernardo Nipoti,,Fulvia Pennoni,Postdoc,"Postdoctoral Research Fellow in Statistics, University of Milano-Bicocca",,https://hdl.handle.net/10281/548962,
"Economics, Statistics and Data Science",XXXVI,2025,Jiefeng Bi,,Advancements in Bayesian Methods for Personalized Medicine,Bernardo Nipoti,,,,,,https://hdl.handle.net/10281/544121,
"Economics, Statistics and Data Science",XXXVI,2025,Riccardo Cogo,,Bayesian Nonparametric Models for Survival Analysis,Federico Camerlenghi,Tommaso Rigon,Matteo Pelagatti,Industry,"Senior Data Scientist, Intesa Sanpaolo",,https://hdl.handle.net/10281/542941,
"Economics, Statistics and Data Science",XXXVI,2025,Ludovica De Carolis,https://en.unimib.it/ludovica-de-carolis,A New Network Approach to Psychological Assessments within a Latent Space Item Response Modeling Framework,Minjeong Jeon (UCLA),,Sonia Migliorati,Academia (other),"Adjunct Professor, University of Milano-Bicocca",,https://hdl.handle.net/10281/550502,
"Economics, Statistics and Data Science",XXXVI,2025,Claudia Sartirana,,Network Effects on Green Propensity and Determinants of Persistence in Green Innovation: Two Empirical Studies on US Firms Using Patent Data,Maria Luisa Mancusi (Univ. Cattolica),,Aldo Solari,Postdoc,"Research fellow, University of Milan",,https://hdl.handle.net/10281/543582,
"Economics, Statistics and Data Science",XXXVII,2026,Alessandro Colombi,https://alessandrocolombi.github.io/,"Bayesian Learning of Latent Discrete Structures: Graphs, Clusters and Features Allocation",Raffaele Argiento (Univ. Bergamo),Lucia Paci (Univ. Cattolica),,Postdoc,"Postdoctoral researcher, Bocconi Institute for Data Science and Analytics (BIDSA), Bocconi University",,https://hdl.handle.net/10281/595221,
"Economics, Statistics and Data Science",XXXVII,2026,Luca Danese,,Bayesian Methods for Change Point Analysis,Andrea Ongaro,Riccardo Corradin,,Industry,"Data Scientist, BID",,https://hdl.handle.net/10281/594842,
"Economics, Statistics and Data Science",XXXVII,2026,Lorenzo Ghilotti,https://sites.google.com/view/lorenzo-ghilotti,Feature Allocation Models in Bayesian Statistics,Federico Camerlenghi,,,Postdoc,"Postdoctoral researcher, Duke University",,https://hdl.handle.net/10281/596849,
"Economics, Statistics and Data Science",XXXVII,2026,Chiara Gaia Magnani,https://sites.google.com/campus.unimib.it/chiaragaiamagnani/home-page,Distribution-free Outlier Detection,Aldo Solari (Univ. Ca' Foscari),,,Postdoc,"Postdoctoral researcher, Bocconi Institute for Data Science and Analytics (BIDSA), Bocconi University",,https://hdl.handle.net/10281/595222,
"Economics, Statistics and Data Science",XXXVII,2026,Luca Presicce,https://lucapresicce.github.io/,Bayesian Transfer Learning Approaches for Large-scale Spatiotemporal Problems,Tommaso Rigon,Sudipto Banerjee (UCLA),Federico Camerlenghi,Postdoc,"Postdoctoral Fellow, Department of Biostatistics, Johns Hopkins Bloomberg School of Public Health",,https://hdl.handle.net/10281/595381,
Statistics and Mathematical Finance,XXXIII,2022,Anna Comotti,,Assessing psychometric scales through IRT-based modelling with application to COVID-19 data,Francesca Greselin,Matteo Bonzini (Univ. Milano),,Industry,"Production Planner, Tosvar s.r.l.",,https://hdl.handle.net/10281/365350,
Statistics and Mathematical Finance,XXXIII,2021,Andrea Gilardi,https://agila5.github.io/,Statistical Models and Data Structures for Spatial Data on Road Networks,Riccardo Borgoni,Jorge Mateu (Univ. Jaume I),Riccardo Borgoni,Academia,"Tenure-track Assistant Professor (RTT), University of Milano-Bicocca",,https://hdl.handle.net/10281/314016,
Statistics and Mathematical Finance,XXXIII,2021,Paolo Maranzano,https://sites.google.com/view/paolomaranzano,"Essays on air quality statistics: time series methods for evaluating environmental protection policies in Lombardy, Italy",Matteo Pelagatti,Alessandro Fassò (Univ. Bergamo),Matteo Pelagatti,Academia,"Tenure-track Assistant Professor (RTT), University of Milano-Bicocca",,https://hdl.handle.net/10281/314018,
Statistics and Mathematical Finance,XXXIII,2021,Kehinde Ibukun Olobatuyi,,A Family of Variational Algorithms for Approximate Bayesian Inference of High-Dimensional Data,Robert G. Aykroyd (Univ. Leeds),,Aldo Solari,,,,https://hdl.handle.net/10281/325856,
Statistics and Mathematical Finance,XXXII,2021,Mattia Bolzoni,,Variational inference and semi-parametric methods for time-series probabilistic forecasting,Matteo Pelagatti,,Fulvia Mecatti,Industry,"Data Science Manager, Pirelli",,https://hdl.handle.net/10281/313704,
Statistics and Mathematical Finance,XXXII,2020,Andrea Cappozzo,https://andreacappozzo.rbind.io/,Robust model-based classification and clustering: advances in learning from contaminated datasets,Francesca Greselin,Thomas Brendan Murphy (Univ. College Dublin),Francesca Greselin,Academia,"Associate Professor, Università Cattolica del Sacro Cuore",,https://hdl.handle.net/10281/262919,
Statistics and Mathematical Finance,XXXII,2020,Francesco Denti,https://fradenti.github.io/,Bayesian Mixtures for Large Scale Inference,Antonietta Mira (USI Lugano),Fulvia Mecatti,Andrea Ongaro,Academia,"Tenure-track Assistant Professor (RTD-B), University of Padova",,https://hdl.handle.net/10281/262923,
Statistics and Mathematical Finance,XXXII,2020,Nikolaos Petrakis,,Objective Bayes Structure Learning in Gaussian Graphical Models,Guido Consonni (Univ. Cattolica),,Stefano Peluso (Univ. Cattolica),Industry,"Senior Data Scientist, Amazon",,https://hdl.handle.net/10281/262921,
Statistics and Mathematical Finance,XXXI,2019,Roberto Ascari,https://robertoascari.github.io/,A family of Flexible mixture distributions for constrained data,Andrea Ongaro,,Andrea Ongaro,Academia,"Tenure-track Assistant Professor (RTD-B), University of Milano-Bicocca",,https://hdl.handle.net/10281/241237,
Statistics and Mathematical Finance,XXXI,2019,Stefano Barberis,,New developments in Cluster-Weighted Modeling,Giorgio Vittadini,Mario Mezzanzanica,Marco Fattore,Industry,"Data Engineer – Senior Developer, lastminute.com group",,https://hdl.handle.net/10281/241157,
Statistics and Mathematical Finance,XXXI,2019,Riccardo Corradin,https://rcorradin.github.io/,Contributions to modelling via Bayesian nonparametric mixtures,Bernardo Nipoti,,Riccardo Borgoni,Academia,"Tenure-track Assistant Professor (RTD-B), University of Milano-Bicocca",,https://hdl.handle.net/10281/241261,
Statistics and Mathematical Finance,XXXI,2020,Alexios Polymeropoulos,,Objective Variable Selection in Multinomial Logistic Regression: a Conditional Latent Approach,Guido Consonni (Univ. Cattolica),Ioannis Ntzoufras (AUEB Athens),Guido Consonni (Univ. Cattolica),Research institute,"Senior Biostatistician, Fondazione IRCCS Istituto Nazionale dei Tumori di Milano",,https://hdl.handle.net/10281/271146,
Statistics and Mathematical Finance,XXX,2018,Federico Castelletti,https://sites.google.com/view/federicocastelletti/,Learning Markov Equivalence Classes of Gaussian DAGs via Observational and Interventional Data: an Objective Bayes Approach,Guido Consonni (Univ. Cattolica),,Guido Consonni (Univ. Cattolica),Academia,"Associate Professor, Università Cattolica del Sacro Cuore",,https://hdl.handle.net/10281/199179,
Statistics and Mathematical Finance,XXIX,2017,Antonella Carcagnì,,Una specificazione semiparametrica del modello di regressione M-Quantile ad effetti casuali con applicazioni a dati ambientali georeferenziati,Riccardo Borgoni,,Riccardo Borgoni,Research institute,"Biostatistician, Fondazione Policlinico Universitario A. Gemelli IRCCS",,https://hdl.handle.net/10281/180711,
Statistics and Mathematical Finance,XXIX,2017,Emanuela Furfaro,https://stat.uw.edu/people/emanuela-furfaro-0,A sequential adaptive approach for surveying rare and clustered populations,Fulvia Mecatti,Federico Andreis,Fulvia Mecatti,Academia,"Associate Teaching Professor, Department of Statistics, University of Washington",,https://hdl.handle.net/10281/158306,
Statistics and Mathematical Finance,XXIX,2017,Gianmarco Vacca,https://docenti.unicatt.it/ppd2/it/docenti/58936/gianmarco-vacca/profilo,Redundancy Analysis Models with Categorical Endogenous Variables: New Estimation Techniques Based on Vector GLM and Artificial Neural Networks,Pietro Giorgio Lovaglio,,Pietro Giorgio Lovaglio,Academia,"Tenure-track Assistant Professor (RTT), Università Cattolica del Sacro Cuore",,https://hdl.handle.net/10281/158304,
Statistics,XXVIII,2015,Gaia Bertarelli,https://sites.google.com/view/gaiabertarelli,Latent markov models for aggregate data: application to disease mapping and small area estimation,M. Giovanna Ranalli (Univ. Perugia),Fulvia Mecatti,,Academia,"Associate Professor, Ca' Foscari University of Venice",,https://hdl.handle.net/10281/96252,
Statistics,XXVIII,2015,Agnese Maria Di Brisco,https://upobook.uniupo.it/agnese.dibrisco,Statistical Network Analysis: a Multiple Testing Approach,Piero Quatto,,,Academia,"Associate Professor, University of Eastern Piedmont",,https://hdl.handle.net/10281/96090,
Statistics,XXVIII,2015,Nicola Donelli,,Bayesian semiparametric analysis of vector Multiplicative Error Models,Fulvia Mecatti,,,Industry,"Data & AI Director, BIP xTech",,https://hdl.handle.net/10281/95879,
Statistics,XXVIII,2016,Igor Valli,,Scomposizione per sottopopolazioni dell'indice di Bonferroni,Michele Zenga,,,Research institute,"External consultant, Joint Research Centre (JRC), European Commission",,https://hdl.handle.net/10281/114249,
Statistics and Applications,XXVIII,2015,Marcella Mazzoleni,,Joint models for time-to-event and multivariate longitudinal data,Marcella Polisicchio,,,Postdoc,"Research fellow, University of Bergamo",,https://hdl.handle.net/10281/95620,
Statistics,XXVII,2014,Andrea Artaria,,Objective Bayesian Analysis for Differential Gaussian Directed Acyclic Graphs,Guido Consonni (Univ. Cattolica),,Andrea Ongaro,Industry,"Chief Data Scientist, Ringier",,https://hdl.handle.net/10281/55327,
Statistics,XXVII,2015,Filomena Madormo,,Model Averaging using performance and distance measures,Fulvia Mecatti,Silvia Figini (Univ. Pavia),,Industry,"Customer Acquisition Manager Italy, Visable (Alibaba Group)",,https://hdl.handle.net/10281/88349,
Statistics,XXVII,2014,Carlo Orsi,https://www.imtlucca.it/en/carlo.orsi,Estensioni non centrali della distribuzione e del processo di Dirichlet,Andrea Ongaro,,Andrea Ongaro,Academia (other),"Assistant Professor (RTD-A), IMT School for Advanced Studies Lucca",,https://hdl.handle.net/10281/55324,
Statistics,XXVII,2014,Pia Clara Pafundi,,Specification and estimation of complex structural models with covariate effects,Riccardo Borgoni,,,Industry,"Real World Statistics Associate Director, Vertex Pharmaceuticals",,https://hdl.handle.net/10281/54182,
Statistics and Applications,XXVII,2014,Mauro Iannace,,COGARCH processes: theory and asymptotics for the pseudo-maximum likelihood estimator,Ilia Negri (Univ. Bergamo),Claudia Klüppelberg (TU Munich),,Industry,Actuarial Contractor,,https://hdl.handle.net/10281/55528,
Statistics,XXVI,2014,Silvia Caligaris,,A Causal Graphs - based approach for assessing gender disparities: an application to child health & nutrition in China,Fulvia Mecatti,Franca Crippa;Patrizia Farina,,Industry,"Technical Consultant, eXact learning solutions S.p.A.",,https://hdl.handle.net/10281/83241,
Statistics,XXVI,2015,Rossana Rosati,,Testing cross-national construct equivalence in international surveys. Applications on international civic and citizenship education survey data,Fulvia Mecatti,Daniele Vidoni (JRC),,,,,https://hdl.handle.net/10281/95793,
Statistics and Applications,XXVI,2014,Elvira Pelle,,Log-linear multidimensional Rasch model for capture-recapture,Peter G. M. van der Heijden (Utrecht Univ.),Dave Hessen (Utrecht Univ.),Pier Francesco Perri (Univ. Calabria),Academia,"Associate Professor, University of Modena and Reggio Emilia",,https://hdl.handle.net/10281/52008,
Statistics,XXV,2013,Alessandra Grotta,https://www.su.se/english/profiles/agrot,Causal mediation analysis on survival data: application on the national march cottort,Rino Bellocco,,Rino Bellocco,Academia (other),"Researcher, Department of Public Health Sciences, Stockholm University",,https://hdl.handle.net/10281/41633,
Statistics,XXV,2013,Sara Sala,,Statistical analysis of brain network,Piero Quatto,Massimo Filippi (Univ. Vita-Salute San Raffaele);Theodore Kypraios (Univ. Nottingham),Piero Quatto,,,,https://hdl.handle.net/10281/43723,
Statistics and Applications,XXV,2014,Marco Gallotti,,Sorveglianza della matrice di varianze e covarianze di un portafoglio efficiente tramite la tecnica lasso,Diego Zappa (Univ. Cattolica),,Diego Zappa (Univ. Cattolica),Industry,"Data Science Manager, Accenture AI",,https://hdl.handle.net/10281/51746,
Statistics and Applications,XXV,2013,Stefano Nembrini,,Machine Learning Methods for Feature Selection and Rule Extraction in Genome-wide Association Studies (GWASs),Paola Zuccolotto (Univ. Brescia),Cristian Pattaro;Marco Sandri,,Industry,,,https://hdl.handle.net/10281/43581,
Statistics and Applications,XXV,2013,Federica Nicolussi,https://onlineservices.polimi.it/manifesti/manifesti/controller/ricerche/RicercaPerDocentiPublic.do?EVN_PRODOTTI=evento&idugov=274718,Marginal parametrizations for conditional independence models and graphical models for categorical data,Roberto Colombi (Univ. Bergamo),,,Academia,"Associate Professor, Politecnico di Milano",,https://hdl.handle.net/10281/43679,
Statistics,XXIV,2013,Paola Gioia,,Towards more accurate measures of global sensitivity analysis. Investigation of first and total order indices,Stefano Tarantola (JRC),,,,,,https://hdl.handle.net/10281/45695,
Statistics,XXIV,2012,Enrico Ripamonti,https://www.unibs.it/it/ugov/person/205315,Inference of casual risk differences: testing statistical hypotheses,Piero Quatto,,Piero Quatto,Academia,"Associate Professor, University of Brescia",,https://hdl.handle.net/10281/28634,
Statistics and Applications,XXIV,2012,Rosita De Paola,,Median estimation using auxiliary variables,Angiola Pollastri,,,Industry,"Expert Statistician, GSK",,https://hdl.handle.net/10281/36075,
Statistics and Applications,XXIV,2013,Francesco Santoro,,Curva di ineguaglianza I(p) e scomposizione per fonti di reddito dell'indice I di Zenga: applicazioni sulla serie storica dei redditi familiari italiani,Michele Zenga,,,,,,https://hdl.handle.net/10281/40014,
Statistics,XXIII,2011,Viviana Amati,https://en.unimib.it/viviana-amati,New statistics for the parameters estimation of the stochastic actor-oriented model for network change,Piero Quatto,Tom A. B. Snijders (Univ. Oxford),Piero Quatto,Academia,"Associate Professor, University of Milano-Bicocca",,https://hdl.handle.net/10281/19389,
Statistics,XXIII,2011,Federico Andreis,,The role of HRT exposure in breast cancer etiology: a causal inference approach,Rino Bellocco,Keith Humphreys (Karolinska Institutet),,Public sector,"Practice Lead, Quantitative Analytics and Statistics, Care Quality Commission (UK)",,https://hdl.handle.net/10281/19340,
Statistics,XXIII,2011,Marta Angelici,https://www.unibocconi.it/en/faculty/marta-angelici,Multilevel and stochastic frontier models: a comparison and a joint approach of their performances when investigating panel data,Giorgio Vittadini,Gianmaria Martini (Univ. Bergamo),Giorgio Vittadini,Academia,"Lecturer, Department of Social and Political Sciences, Bocconi University",,https://hdl.handle.net/10281/19410,
Statistics,XXIII,2011,Ileana Baldi,https://www.unipd.it/contatti/ileana.baldi,On the proof of efficacy of functional foods: design considerations,Dario Gregori (Univ. Padova),,,Academia,"Associate Professor, University of Padova",,https://hdl.handle.net/10281/23555,
Statistics,XXIII,2011,Cristina Menni,https://www.unimi.it/it/ugov/person/cristina-menni,Population stratification in genome-wide association studies: a comparison among different multivariate analysis methods for dimensionality reduction,Pietro Giorgio Lovaglio,Nadia Solaro,,Academia,"Associate Professor, University of Milan",,https://hdl.handle.net/10281/19317,
Statistics,XXIII,2011,Daniele Riggi,,Mixture factor model for hierarchical data structure and applications to the italian educational school system,Salvatore Ingrassia (Univ. Catania),Jeroen K. Vermunt (Tilburg Univ.),Salvatore Ingrassia (Univ. Catania),Industry,"Director, Data Insights, Roberto Cavalli",,https://hdl.handle.net/10281/19465,
Statistics,XXIII,2011,Isabella Romeo,,A model for the evaluation of graduates' first long-term job on labour market history,Giorgio Vittadini,Fulvia Pennoni,Giorgio Vittadini,Industry,"Head of Data Management and Senior Data Scientist, ODM Consulting",,https://hdl.handle.net/10281/19391,
Statistics and Applications,XXIII,2011,Alberto Giovanni Arcagni,https://corsidilaurea.uniroma1.it/it/users/albertoarcagniuniroma1it,La deterninazione dei parametri di un nuovo modello distributivo per variabili non negative: aspetti metodologici e applicazioni,Michele Zenga,,,Academia,"Associate Professor, Sapienza University of Rome",,https://hdl.handle.net/10281/25757,
Statistics and Applications,XXIII,2011,Marta Nai Ruscone,https://rubrica.unige.it/personale/UkJCUlth,Modelli gerarchici: aspetti metodologici e ambiti di applicazione,Giuseppe Boari (Univ. Cattolica),,,Academia,"Associate Professor, University of Genoa",,https://hdl.handle.net/10281/25272,
Statistics,XXII,2011,Rosa Falotico,,Modelli ad Equazioni Strutturali e Reti Probabilistiche Bayesiane: due approcci a confronto nello studio di relazioni causali,Pier Alda Ferrari (Univ. Milano),Vincenzo Esposito Vinzi (ESSEC),Pier Alda Ferrari (Univ. Milano),Industry,"Statistical Data Scientist, Alira Health",,https://hdl.handle.net/10281/19444,
Statistics,XXII,2010,Silvana Antonietta Romio,,Modelli marginali strutturali per lo studio dell'effetto causale di fattori di rischio in presenza di confondenti tempo dipendenti,Giovanni Corrao,,,Academia,"Assistant Professor, Erasmus MC (Rotterdam)",,https://hdl.handle.net/10281/8048,
Statistics,XXII,2010,Francesca Torti,,Advances in the forward search: methodological and applied contributions,Marco Riani (Univ. Parma),,,,,,https://hdl.handle.net/10281/7791,
Statistics and Applications,XXII,2010,Tommaso Lando,https://unibg.unifind.cineca.it/resource/person/881,Funzionali statistici nella classe delle equazioni di stima generalizzate,Lucio Bertoli-Barsotti (Univ. Bergamo),,,Academia,"Associate Professor, University of Bergamo",,https://hdl.handle.net/10281/16889,
Statistics and Applications,XXII,2010,Anna Simonetto,https://www.unibs.it/it/ugov/person/3131,Estimation procedures for latent variable models with psychological traits,Maurizio Carpita (Univ. Brescia),,,Academia,"Associate Professor, University of Brescia",,https://hdl.handle.net/10281/17370,
Statistics,XXI,2010,Giorgio Plazzi,,Costruzione di una scala di misura per l'apprendimento della matematica nella scuola primaria,Enrico Gori (Univ. Udine),,,Public sector,"Statistical researcher, Agenzia regionale del lavoro del Friuli Venezia Giulia",,https://hdl.handle.net/10281/7795,
Statistics,XX,2011,Arianna Carra,,Metodi statistici per lo studio della povertà. Applicazioni e analisi della realtà milanese,Gian Carlo Blangiardo,,,Research institute,Italian National Institute of Statistics (ISTAT),,https://hdl.handle.net/10281/19872,
Statistics,XXI,2009,Elisa Barbiano di Belgiojoso,https://www.unimib.it/elisa-barbiano-belgiojoso,Metodi e tecniche per la previsione della popolazione e delle famiglie: rassegna critica e nuove proposte,Gian Carlo Blangiardo,,,Academia,"Full Professor, University of Milano-Bicocca",,https://hdl.handle.net/10281/62689,
Methodological and Applied Statistics,XVI,2004,Paolo Radaelli,,La Regressione Lineare con i Valori Assoluti,Walter Oberhofer (Univ. Regensburg),Michele Zenga,,,,,https://hdl.handle.net/10281/2290,
Statistics,XV,2002,Silvia Salini,https://www.unimi.it/it/ugov/person/silvia-salini,Taratura statistica multivariata,Bruno V. Frosini (Univ. Cattolica),,Bruno V. Frosini (Univ. Cattolica),Academia,"Full Professor, University of Milan",,http://id.sbn.it/bid/BVE0724670,
Statistics,XV,2002,Piero Quatto,https://www.unimib.it/piero-quatto,Applicazioni della teoria dei gruppi ai test invarianti,Donata Marasini,Sonia Migliorati,Sonia Migliorati,Academia,"Associate Professor, University of Milano-Bicocca",,http://id.sbn.it/bid/BVE0938045,
Statistics,XVI,2003,Paola Annoni,,Una proposta per studi in ambito ecologico: l'analisi delle corrispondenze canoniche,NA,,,,,,http://id.sbn.it/bid/CFI0735499,
Statistics,XVI,2004,Riccardo Cirillo,,Problemi inferenziali nella Rasch analysis: applicazioni in ambito medico,Giorgio Vittadini,,Giorgio Vittadini,,,,http://id.sbn.it/bid/BVE0965674,
Statistics,XVI,2004,Marco Fattore,https://www.unimib.it/marco-fattore,Indicatori di dinamica strutturale del lavoro e dell'occupazione nel modello verticalmente integrato di puro lavoro,NA,,,Academia,"Full Professor, University of Milano-Bicocca",,http://id.sbn.it/bid/BVE0965668,
Statistics,XVII,2005,Daniele Coin,,"Regressione robusta, aspetti ed evoluzione della forward search",Pier Alda Ferrari (Univ. Milano),Roberto Corradetti (Univ. Torino),,,,,http://id.sbn.it/bid/BVE0967622,yes
Statistics,XVIII,2006,Eugenio Novelli,,Test sui parametri di modelli lineari per grandi popolazioni eterogenee: un'applicazione su dati sanitari,Giorgio Vittadini,,,,,,http://id.sbn.it/bid/CFI0749279,yes
Statistics,XVIII,2007,Chiara Colleoni,,Multiple frame surveys: stimatori a confronto,Fulvia Mecatti,,,,,,http://id.sbn.it/bid/CFI0749462,
Statistics,XIX,2007,Luciana Dalla Valle,https://www.est.unito.it/persone/luciana.dallavalle,Statistical models for enterprise risk evaluation,Paolo Giudici (Univ. Pavia),Stephen P. Brooks (Univ. Cambridge),,Academia,"Associate Professor, University of Turin",,http://id.sbn.it/bid/CFI0750384,
Statistics,XIX,2007,Matteo Fini,,Robustezza e funzione di influenza,Pier Alda Ferrari (Univ. Milano),,,,,,http://id.sbn.it/bid/CFI0750379,
Statistics,XX,2008,Elena Siletti,https://www.est.unito.it/persone/elena.siletti,Homogeneous linear predictor models specified by constraints on the Goodman and Kruskal tau index,Roberto Colombi (Univ. Bergamo),,,Academia,"Associate Professor, University of Turin",,http://id.sbn.it/bid/CFI0735536,
Statistics,XX,2008,Alessandro Barbiero,https://www.unimi.it/it/ugov/person/alessandro-barbiero,Algoritmi bootstrap per popolazioni finite e campionamento generale,Fulvia Mecatti,,,Academia,"Associate Professor, University of Milan",,http://id.sbn.it/bid/CFI0735442,yes
Statistics,XX,2009,Cecilia Biasi,,Classificazione robusta dei dati multidimensionali,Marco Riani (Univ. Parma),,,,,,http://id.sbn.it/bid/CFI0741927,
Statistics,XXI,2008,Livia Elisa Ortensi,https://www.unibo.it/sitoweb/livia.ortensi,Metodi indiretti di stima della fecondità e applicazioni alla popolazione immigrata,Gian Carlo Blangiardo,,,Academia,"Associate Professor, University of Bologna",,http://id.sbn.it/bid/CFI0735448,
Methodological and Applied Statistics,XVI,2004,Andrea Bonanomi,https://docenti.unicatt.it/ppd2/it/docenti/15491/andrea-bonanomi/profilo,"Variabili ordinali e trasformazioni di scala, con particolare riferimento alla stima dei parametri dei modelli interpretativi con variabili latenti",Angelo Zanella (Univ. Cattolica),,,Academia,"Associate Professor, Università Cattolica del Sacro Cuore",,http://id.sbn.it/bid/BVE0959337,
Methodological and Applied Statistics,XVI,2004,Gisella Mercaldi,,Modelli logit dinamici: un'applicazione ai livelli di notorietà di una banca,Roberto Colombi (Univ. Bergamo),,,,,,http://id.sbn.it/bid/CFI0741930,
Methodological and Applied Statistics,XVI,2004,Mariangela Zenga,https://www.unimib.it/mariangela-zenga,Un modello di regressione logistico generalizzato per la stima della probabilità di abbandono degli studi nell'Ateneo di Milano-Bicocca,Marisa Civardi,Filippo Domma (Univ. Calabria),,Academia,"Associate Professor, University of Milano-Bicocca",,http://id.sbn.it/bid/BVE0959338,
Methodological and Applied Statistics,XVI,2004,Emilio Porcu,https://www.ku.ac.ae/college-people/emilio-porcu,"Geostatistica spazio-temporale: nuove classi di covarianza, variogramma e densità spettrali",Alessandro Fassò (Univ. Bergamo),Jorge Mateu (Univ. Jaume I),,Academia,"Professor, Department of Mathematics, Khalifa University",,http://id.sbn.it/bid/BVE0959339,yes
Methodological and Applied Statistics,XVII,2004,Elisabetta Sala,,Modelli dinamici strutturali con variabili latenti,Giuseppe Boari (Univ. Cattolica),,,,,,http://id.sbn.it/bid/BVE0788790,
Methodological and Applied Statistics,XVII,2005,Anna Maria Fiori,https://www.unimib.it/anna-maria-fiori,La curtosi: nuovi aspetti metodologici e prospettive inferenziali,Michele Zenga,Filippo Domma (Univ. Calabria),,Academia,"Tenured Assistant Professor (RU), University of Milano-Bicocca",,http://id.sbn.it/bid/BVE0788819,
Methodological and Applied Statistics,XIX,2007,Leo Pasquazzi,https://www.unimib.it/leo-pasquazzi,Intervalli di confidenza asintotici e non parametrici per il rapporto di concentrazione di Gini,Michele Zenga,Francesca Greselin,,Academia,"Tenured Assistant Professor (RU), University of Milano-Bicocca",,http://id.sbn.it/bid/CFI0749470,
Methodological and Applied Statistics,XX,2009,Giacomo Insardà,,Sulla scomponibilità delle misure di disuguaglianza,Michele Zenga,,,,,,http://id.sbn.it/bid/CFI0735541,
Methodological and Applied Statistics,XXI,2009,Danya Facchinetti,,Metodi robusti e tecniche di identificazione di valori anomali per dati multivariati con particolare riferimento all'analisi forward search,Umberto Magagnoli (Univ. Cattolica),Laura Deldossi (Univ. Cattolica),,,,,http://id.sbn.it/bid/CFI0742397,
Methodological and Applied Statistics,XXI,2009,Francesco Finazzi,https://www.unibg.it/ugov/person/1934,Modelli statistici per l'analisi di immagini digitali e l'estrazione di forme geometriche,Alessandro Fassò (Univ. Bergamo),,,Academia,"Full Professor, University of Bergamo",,http://id.sbn.it/bid/CFI0745790,
Methodological and Applied Statistics,XXI,2009,Luca Bagnato,https://docenti.unicatt.it/ppd2/it/docenti/37744/luca-bagnato/profilo,Approccio non parametrico nell'analisi delle serie storiche,NA,,,Academia,"Associate Professor, Università Cattolica del Sacro Cuore",,http://id.sbn.it/bid/CFI0735574,yes
Methodological and Applied Statistics,XXI,2009,Francesco Porro,https://dima.unige.it/francesco.porro@unige.it,La curva di disuguaglianza I(p): alcuni approfondimenti metodologici,NA,,,Academia,"Associate Professor, University of Genoa",,http://id.sbn.it/bid/CFI0742394,yes
Statistics,XIV,2001,Matteo Pelagatti,https://www.unimib.it/matteo-maria-pelagatti,Markov chain Monte Carlo methods for dynamic models with applications to the business cycle analysis,Marco Martini,,,Academia,"Full Professor, University of Milano-Bicocca",,http://id.sbn.it/bid/BVE0930037,
Statistics,XIV,2001,Nadia Solaro,https://www.unimib.it/nadia-solaro,Il ruolo delle distribuzioni delle componenti erratiche nel modello multilivello,NA,,,Academia,"Associate Professor, University of Milano-Bicocca",,http://id.sbn.it/bid/BVE0930159,
Statistics,XIV,2001,Paolo Chirico,https://upobook.uniupo.it/paolo.chirico,La simulazione delle perdite di un processo produttivo: analisi di varianti miscuglio mediante simulazione,NA,,,Academia,"Tenured Assistant Professor (RU), University of Eastern Piedmont",,http://id.sbn.it/bid/BVE0910618,yes
