name,category,role,institution,department,ssd,keywords,website,orcid,description
Raffaele Argiento,Core Faculty,Full Professor,University of Bergamo,Department of Economics,STAT-01/A,Bayesian nonparametrics; Clustering and mixture models; Computational statistics; Graphical models and causal inference,,0000-0001-8416-1642,"Works on Bayesian nonparametric and mixture models for clustering, on MCMC methods such as reversible-jump samplers, and on Gaussian graphical models, with applications to categorical, functional and biomedical data."
Roberto Ascari,Core Faculty,Tenure-track Assistant Professor (RTD-B),University of Milano-Bicocca,"Department of Economics, Management and Statistics (DEMS)",STAT-01/A,Bayesian methods; Compositional and bounded data; Clustering and mixture models; Biostatistics,https://robertoascari.github.io/,0000-0003-0146-976X,"Develops Bayesian regression and mixture models for bounded, compositional and overdispersed count data, with applications to microbiome data and clinical outcomes."
Mario Beraha,Core Faculty,Tenure-track Assistant Professor (RTT),University of Milano-Bicocca,"Department of Economics, Management and Statistics (DEMS)",STAT-01/A,Bayesian nonparametrics; Clustering and mixture models; Computational statistics; Spatial and spatio-temporal statistics,https://en.unimib.it/mario-beraha,0000-0002-3495-414X,"Works on Bayesian nonparametric mixture models, including repulsive and point-process priors, and on MCMC methods for models with intractable likelihoods; recent work also covers areal data and differential privacy."
Annamaria Bianchi,Core Faculty,Full Professor,University of Bergamo,Department of Economics,STAT-02/A,Survey methodology; Composite indicators; Longitudinal data,,0000-0003-2504-319X,"Works on survey methodology (nonresponse, mixed-mode data collection and the representativeness of longitudinal surveys such as Understanding Society) and on composite indicators for economic and regional analysis."
Pier Giovanni Bissiri,Core Faculty,Associate Professor,University of Milano-Bicocca,"Department of Economics, Management and Statistics (DEMS)",STAT-01/A,Foundations of inference; Bayesian methods; Spatial and spatio-temporal statistics,https://en.unimib.it/pier-giovanni-bissiri,0000-0003-3769-6649,"Works on the foundations of Bayesian inference, including the updating of beliefs through loss functions, and on random fields on the sphere."
Riccardo Borgoni,Core Faculty,Full Professor,University of Milano-Bicocca,"Department of Economics, Management and Statistics (DEMS)",STAT-01/A,Spatial and spatio-temporal statistics; Transport and road safety; Industrial statistics and reliability,https://en.unimib.it/riccardo-borgoni,0000-0002-2520-3512,"Works on spatial statistics and regression methods such as M-quantile regression, with applications to road safety, housing prices, radon mapping and semiconductor manufacturing."
Matteo Borrotti,Core Faculty,Associate Professor,University of Milano-Bicocca,"Department of Economics, Management and Statistics (DEMS)",STAT-01/A,Design of experiments; Optimization; Machine learning; Industrial statistics and reliability,https://en.unimib.it/matteo-borrotti,0000-0002-9246-0260,"Works on design of experiments and on multi-objective and Bayesian optimization, with applications to industrial processes, autonomous driving and personalized treatment regimes."
Michela Cameletti,Core Faculty,Full Professor,University of Bergamo,Department of Economics,STAT-01/A,Spatial and spatio-temporal statistics; Environmental statistics; Bayesian methods; Biostatistics,,0000-0002-6502-7779,"Works on Bayesian spatio-temporal models fitted with INLA, with applications to air quality, disease mapping and the COVID-19 pandemic."
Federico Camerlenghi,Core Faculty,Full Professor,University of Milano-Bicocca,"Department of Economics, Management and Statistics (DEMS)",STAT-01/A,Bayesian nonparametrics; Probability; Bayesian methods,https://en.unimib.it/federico-camerlenghi,0000-0002-4956-1103,"Works on Bayesian nonparametrics (completely random measures, hierarchical and nested processes, species sampling problems) and on related probability theory, such as random closed sets."
Antonio Candelieri,Core Faculty,Associate Professor,University of Milano-Bicocca,"Department of Economics, Management and Statistics (DEMS)",INFO-01/A,Optimization; Machine learning,https://en.unimib.it/antonio-candelieri,0000-0003-1431-576X,"Works on Bayesian and black-box optimization with Gaussian process surrogates, on hyperparameter tuning in machine learning, and on the optimization of water distribution systems."
Federico Castelletti,Core Faculty,Associate Professor,Università Cattolica del Sacro Cuore,Department of Statistical Sciences,STAT-01/A,Graphical models and causal inference; Bayesian methods,,0000-0001-7911-2942,"Works on Bayesian learning of directed acyclic graphs and other graphical models, structure learning from observational and interventional data, and the estimation of causal effects."
Riccardo Corradin,Core Faculty,Tenure-track Assistant Professor (RTD-B),University of Milano-Bicocca,"Department of Economics, Management and Statistics (DEMS)",STAT-01/A,Bayesian nonparametrics; Clustering and mixture models; Computational statistics; Biostatistics,https://en.unimib.it/riccardo-corradin,0000-0001-5389-6873,"Works on Bayesian nonparametric mixture models and model-based clustering, with computational methods for Pitman–Yor mixtures and applications to survival data and change-point detection."
Laura D'Angelo,Core Faculty,Tenure-track Assistant Professor (RTT),University of Milano-Bicocca,"Department of Economics, Management and Statistics (DEMS)",STAT-01/A,Bayesian nonparametrics; Clustering and mixture models; Computational statistics; Biostatistics,https://laura-dangelo.github.io/,0000-0001-5034-7414,"Works on Bayesian nonparametric mixture models, with applications to the detection of neuronal activity in calcium imaging data."
Laura Deldossi,Core Faculty,Full Professor,Università Cattolica del Sacro Cuore,Department of Statistical Sciences,STAT-01/A,Design of experiments; Big data,,0000-0002-7775-878X,"Works on optimal design of experiments, model discrimination with copula models, and design-based subsampling of large datasets."
Andrea Gilardi,Core Faculty,Tenure-track Assistant Professor (RTT),University of Milano-Bicocca,"Department of Economics, Management and Statistics (DEMS)",STAT-01/A,Spatial and spatio-temporal statistics; Transport and road safety; Statistical software,https://agila5.github.io/,0000-0002-9424-7439,"Works on spatial and spatio-temporal statistics on road networks, with applications to road safety and ambulance interventions, and develops R packages for this kind of data."
Francesca Greselin,Core Faculty,Full Professor,University of Milano-Bicocca,Department of Statistics and Quantitative Methods (DISMEQ),STAT-01/A,Robust statistics; Clustering and mixture models; Inequality and poverty; Machine learning,https://en.unimib.it/francesca-greselin,0000-0003-2929-1748,"Works on robust estimation for mixture models (trimming and constraints), model-based classification, and the measurement of income inequality."
Samantha Leorato,Core Faculty,Associate Professor,University of Milan,"Department of Economics, Management and Quantitative Methods",STAT-01/A,Econometrics; Spatial and spatio-temporal statistics; Design of experiments,https://www.unimi.it/en/ugov/person/samantha-leorato,0000-0002-2741-7303,"Works on spatial econometrics and spatial panel data, and on optimal design for heteroscedastic regression models."
Caterina Liberati,Core Faculty,Associate Professor,University of Milano-Bicocca,"Department of Economics, Management and Statistics (DEMS)",STAT-02/A,Machine learning; Credit risk and finance; Customer satisfaction and marketing,https://en.unimib.it/caterina-liberati,0000-0001-9910-4018,"Works on kernel-based classification and credit scoring, and on statistical methods for customer satisfaction and social media data."
Pietro Giorgio Lovaglio,Core Faculty,Full Professor,University of Milano-Bicocca,Department of Statistics and Quantitative Methods (DISMEQ),STAT-02/A,Latent variable models; Labour market and education; Health policy and services,https://en.unimib.it/pietro-giorgio-lovaglio,0000-0002-2340-0547,"Works on latent variable and structural equation models, on the labour market through online job postings, and on the evaluation of health services."
Paolo Maranzano,Core Faculty,Tenure-track Assistant Professor (RTT),University of Milano-Bicocca,"Department of Economics, Management and Statistics (DEMS)",STAT-02/A,Environmental statistics; Spatial and spatio-temporal statistics; Time series and forecasting; Energy markets,https://www.paolomaranzano.net/,0000-0002-9228-2759,"Works on spatio-temporal statistics for air quality and environmental data, on time series, and on energy and environmental economics, with a focus on Lombardy."
Paolo Mariani,Core Faculty,Full Professor,University of Milano-Bicocca,"Department of Economics, Management and Statistics (DEMS)",STAT-02/A,Customer satisfaction and marketing; Labour market and education; Health policy and services,https://en.unimib.it/paolo-mariani,0000-0002-8848-8893,"Works on conjoint analysis and customer satisfaction, on graduate recruitment and labour demand, and on quality of life and patient-reported outcomes."
Andrea Marletta,Core Faculty,Associate Professor,University of Milano-Bicocca,"Department of Economics, Management and Statistics (DEMS)",STAT-02/A,Labour market and education; Customer satisfaction and marketing; Time series and forecasting,https://en.unimib.it/andrea-marletta,0000-0002-4050-5316,"Works on the labour market and the employability of graduates, conjoint analysis of employer preferences, and short-term forecasting."
Sonia Migliorati,Core Faculty,Full Professor,University of Milano-Bicocca,"Department of Economics, Management and Statistics (DEMS)",STAT-01/A,Compositional and bounded data; Clustering and mixture models; Bayesian methods; Environmental statistics,https://en.unimib.it/sonia-migliorati,0000-0002-8968-9240,"Works on distributions and regression models for compositional and bounded data, mixture models and Bayesian inference, with applications to ecotoxicology."
Gianna Serafina Monti,Core Faculty,Associate Professor,University of Milano-Bicocca,"Department of Economics, Management and Statistics (DEMS)",STAT-01/A,Compositional and bounded data; Robust statistics; Environmental statistics; Hypothesis testing,https://en.unimib.it/gianna-serafina-monti,0000-0002-7952-3618,"Works on robust methods and compositional data, environmental risk assessment and ecotoxicology, and multiple testing."
Mauro Mussini,Core Faculty,Associate Professor,University of Milano-Bicocca,"Department of Economics, Management and Statistics (DEMS)",STAT-02/A,Inequality and poverty; Labour market and education,https://en.unimib.it/mauro-mussini,0000-0003-0770-8450,"Works on the measurement and decomposition of income inequality and poverty, regional disparities and polarization."
Bernardo Nipoti,Core Faculty,Full Professor,University of Milano-Bicocca,"Department of Economics, Management and Statistics (DEMS)",STAT-01/A,Bayesian nonparametrics; Clustering and mixture models; Computational statistics; Bayesian methods,https://en.unimib.it/bernardo-nipoti,0000-0003-1138-951X,"Works on Bayesian nonparametrics: Dirichlet and Pitman–Yor process mixtures, clustering, species discovery probabilities and the related computational methods."
Andrea Ongaro,Core Faculty,Full Professor,University of Milano-Bicocca,"Department of Economics, Management and Statistics (DEMS)",STAT-01/A,Compositional and bounded data; Clustering and mixture models; Bayesian methods; Probability,https://en.unimib.it/andrea-ongaro,0000-0001-6340-0798,"Works on new distributions for compositional data and bounded responses, mixture models and Bayesian inference."
Lucia Paci,Core Faculty,Associate Professor,Università Cattolica del Sacro Cuore,Department of Statistical Sciences,STAT-01/A,Bayesian methods; Clustering and mixture models; Spatial and spatio-temporal statistics; Environmental statistics; Graphical models and causal inference,,0000-0001-7403-2054,"Works on Bayesian methods for clustering and mixture models, categorical data and graphical models, and on spatio-temporal models for environmental data."
Matteo Pelagatti,Core Faculty,Full Professor,University of Milano-Bicocca,"Department of Economics, Management and Statistics (DEMS)",STAT-02/A,Time series and forecasting; Energy markets; Econometrics,https://en.unimib.it/matteo-maria-pelagatti,0000-0002-1860-7535,"Works on time series analysis and unobserved components models, with applications to electricity markets and energy prices."
Stefano Peluso,Core Faculty,Full Professor,Università Cattolica del Sacro Cuore,Department of Statistical Sciences,STAT-01/A,Graphical models and causal inference; Bayesian methods; Biostatistics; Time series and forecasting,,0000-0003-2963-2346,"Works on Bayesian learning of graphical models and causal structures, on Bayesian methods for time series and forecasting, and on biomedical applications such as out-of-hospital cardiac arrest."
Fulvia Pennoni,Core Faculty,Full Professor,University of Milano-Bicocca,Department of Statistics and Quantitative Methods (DISMEQ),STAT-01/A,Latent variable models; Longitudinal data; Clustering and mixture models,https://sites.google.com/view/fulviapennoni,0000-0002-6331-7211,"Works on latent class and hidden Markov models for longitudinal data, maximum likelihood estimation through the EM algorithm, and causal latent transition models."
Antonio Pievatolo,Core Faculty,Researcher,National Research Council (CNR),Institute for Applied Mathematics and Information Technologies (IMATI),,Probability; Industrial statistics and reliability; Bayesian methods,https://www.imati.cnr.it/mypage.php?idk=PG-3,0000-0001-5696-1271,"Works on probability and statistical inference, Bayesian methods for reliability and maintenance, and stochastic simulation."
Alessia Pini,Core Faculty,Associate Professor,Università Cattolica del Sacro Cuore,Department of Statistical Sciences,STAT-01/A,Functional data analysis; Hypothesis testing; Biostatistics,,0000-0001-9235-3062,"Works on functional data analysis and local inference through permutation tests with control of multiple comparisons, with biomedical applications such as knee kinematics."
Piero Quatto,Core Faculty,Associate Professor,University of Milano-Bicocca,"Department of Economics, Management and Statistics (DEMS)",STAT-01/A,Hypothesis testing; Foundations of inference,https://en.unimib.it/piero-quatto,0000-0002-6679-7169,"Works on hypothesis testing, p-values and Bayes factors, inter-rater agreement and fuzzy-set methods, with applications to research reproducibility and animal welfare."
Marco Riani,Core Faculty,Full Professor,University of Parma,Department of Economics and Management,STAT-01/A,Robust statistics; Clustering and mixture models,https://riani.unipr.it/,0000-0001-7886-2207,"Works on robust statistics: the forward search, outlier detection, robust regression, data transformations and robust clustering."
Tommaso Rigon,Core Faculty,Associate Professor,University of Milano-Bicocca,"Department of Economics, Management and Statistics (DEMS)",STAT-01/A,Bayesian nonparametrics; Clustering and mixture models; Computational statistics; Bayesian methods,https://tommasorigon.github.io,0000-0002-9224-543X,"Works on Bayesian nonparametric models, clustering and computational methods for Bayesian inference, including MCMC, EM and variational approximations."
Chiara Tommasi,Core Faculty,Full Professor,University of Milan,"Department of Economics, Management and Quantitative Methods",STAT-01/A,Design of experiments; Big data; Biostatistics,https://www.unimi.it/en/ugov/person/chiara-tommasi,0000-0001-8794-7077,"Works on optimal design of experiments, model discrimination and dose-response models, and optimal subsampling for big data."
Giorgio Vittadini,Core Faculty,Full Professor,University of Milano-Bicocca,Department of Statistics and Quantitative Methods (DISMEQ),STAT-01/A,Latent variable models; Health policy and services; Labour market and education,https://en.unimib.it/giorgio-vittadini,0000-0002-0375-9763,"Works on latent variable and structural equation models, with applications to the quality of health care, education and human capital."
Giorgia Zaccaria,Core Faculty,Tenure-track Assistant Professor (RTT),University of Milano-Bicocca,"Department of Economics, Management and Statistics (DEMS)",STAT-01/A,Clustering and mixture models; Robust statistics; Composite indicators; Latent variable models,https://giorgiazaccaria.github.io/,0000-0001-9119-9104,"Works on model-based clustering and latent variable models, robust methods for cellwise outliers, and composite indicators."
Michele Guindani,International Faculty,Professor,"University of California, Los Angeles",Department of Biostatistics,,Bayesian nonparametrics; Bayesian methods; Biostatistics,https://www.micheleguindani.info/,0000-0002-6363-9907,"Works on Bayesian nonparametric and hierarchical models for biomedical data, including neuroimaging and functional connectivity, microbiome studies and variable selection."
Geoffrey McLachlan,International Faculty,Professor,University of Queensland,School of Mathematics and Physics,,Clustering and mixture models; Computational statistics; Machine learning,https://about.uq.edu.au/experts/660,0000-0002-5921-3145,"Works on finite mixture models, the EM algorithm, and model-based clustering and classification, including skewed and high-dimensional data."
Francesco Moscone,International Faculty,Professor of Business Economics,Brunel University London,Brunel Business School,,Health policy and services; Econometrics; Spatial and spatio-temporal statistics,https://www.brunel.ac.uk/people/francesco-moscone,0000-0001-5378-680X,"Works on health economics and policy, hospital competition and quality of care, and panel data econometrics with cross-sectional dependence."
Brendan Murphy,International Faculty,Professor of Statistics,University College Dublin,School of Mathematics and Statistics,,Clustering and mixture models; Network data; Machine learning; Biostatistics,https://maths.ucd.ie/~brendan/,0000-0002-5668-7046,"Works on model-based clustering and classification, latent space models for network data, and medical applications such as prostate cancer."
Emilio Porcu,International Faculty,Professor,Khalifa University,Department of Mathematics,,Spatial and spatio-temporal statistics; Probability,https://www.ku.ac.ae/college-people/emilio-porcu,0000-0001-9934-4409,"Works on Gaussian random fields and covariance functions on spheres and in space-time, fixed-domain asymptotics, and models for global data."
