date,start,end,speaker,website,affiliation,title,room,building,note,link,abstract
2022-03-24,12:00,13:00,Botond Szabó,https://botondszabo.com,Bocconi University,Product vs mixture of experts: on distributed Gaussian process regression,Room 3060 (Aula 23),"U7 Civitas, 3rd floor",,https://dems.unimib.it/en/eventi/dems-statistics-seminar-botond-szabo-bocconi-university,
2022-05-04,12:00,13:00,Li Ma,https://lm186.github.io/,Duke University,Unsupervised tree boosting for learning probability distributions,DEMS seminar room 2104,"U7 Civitas, 2nd floor",,,"Based on additive ensembles of weak learners often in the form of regression and classification trees, boosting is among the most popular and powerful supervised learning algorithms, capable of achieving low bias and variance while overcoming the curse of dimensionality. Following the intuition that the additive tree model fitting approach also holds promise for addressing similar challenges in unsupervised settings, we consider the quintessential unsupervised problem of learning an unknown sampling distribution based on an i.i.d. sample, and propose an unsupervised tree boosting algorithm for inferring the underlying distribution. Integral to the algorithm is a new concept of “addition” of probability distributions that lead to a coherent notion of “residualization”, i.e., subtracting a probability distribution from an observation. We show that these notions arise naturally for univariate distributions in terms of cumulative distribution function (CDF) transforms and CDF compositions due to several “group-like” properties of univariate CDFs. In contrast, the traditional multivariate CDF does not preserve these properties and hence it does not lead to similar notions of “addition” and “residualization”. We show that a new definition of multivariate CDF can restore these “group-like” properties of the univariate CDF, thereby allowing the proper notions of “addition” and “residualization” to be formulated for multivariate distributions as well. This then gives rise to a simple boosting algorithm based on forward-stagewise fitting of an additive ensemble of tree-based models, which can be decision-theoretically justified in terms of sequential reduction of Kullback-Leibler divergence. The algorithm allows analytic evaluation of the density function for the fitted distribution and outputs a generative model with this density, which allows drawing Monte Carlo samples from the fitted distribution in a straightforward manner. Traditional wisdom in applying supervised boosting—such as setting the appropriate level of shrinkage/regularization—carry over into the unsupervised counterpart and leads to significant performance improvement. In particular, we introduce a new scale-dependent shrinkage strategy that utilizes a scale-specific learning rate. Moreover, we incorporate a two-stage fitting strategy that first fits the marginals followed by the copula of the distribution. We introduce a measure of variable importance based on the fitted tree ensemble, which gauges the relevance of each dimension in characterizing the underlying distribution. Finally, we show through benchmark datasets that our algorithm is competitive to the state-of-the-art deep learning-based normalizing flows in multivariate density estimation at a tiny fraction of their computational cost for training."
2022-10-03,10:30,,Dimitris Fouskakis,http://www.math.ntua.gr/~fouskakis/en_index.html,National Technical University of Athens,Handling sparsity using random imaginary data,Room 4026,"U7 Civitas, 4th floor",,,
2022-12-14,12:00,13:00,Giacomo Zanella,https://sites.google.com/site/gzanellawebpage/home,Bocconi University,Robust leave-one-out cross-validation for high-dimensional Bayesian models,DEMS seminar room 2104,"U7 Civitas, 2nd floor",,,"Leave-one-out cross-validation (LOO-CV) is a popular method for estimating out-of-sample predictive accuracy. However, computing LOO-CV criteria can be computationally expensive due to the need to fit the model multiple times. In the Bayesian context, importance sampling provides a possible solution but classical approaches can easily produce estimators whose variance is infinite, making them potentially unreliable. Here we propose and analyze a novel mixture estimator to compute Bayesian LOO-CV criteria. Our method retains the simplicity and computational convenience of classical approaches, while guaranteeing finite variance of the resulting estimators. Both theoretical and numerical results are provided to illustrate the improved robustness and efficiency. The computational benefits are particularly significant in high-dimensional problems, allowing to perform Bayesian LOO-CV for a broader range of models. The proposed methodology is easily implementable in standard probabilistic programming software and has a computational cost roughly equivalent to the one of fitting the original model once."
2023-02-15,12:00,13:00,Antonio Canale,https://homes.stat.unipd.it/antoniocanale/en/home-2/,University of Padova,Confounder-dependent Bayesian mixture model: characterizing heterogeneity of causal effects in air pollution epidemiology,DEMS seminar room 2104,"U7 Civitas, 2nd floor",,,"Several epidemiological studies have provided evidence that long-term exposure to fine particulate matter (PM2.5) increases mortality risk. Furthermore, some population characteristics (e.g age, race, and socioeconomic status) might play a crucial role in understanding vulnerability to air pollution. To inform policy, it is necessary to identify mutually exclusive groups of the population that are more or less vulnerable to air pollution. In the causal inference literature, the conditional average treatment effect (CATE) is a commonly used metric designed to characterize the heterogeneity of a treatment effect based on some population characteristics. In this work, we introduce a novel modeling approach, called Confounder-Dependent Bayesian Mixture Model (CDBMM) to characterize causal effect heterogeneity. More specifically, our method leverages the flexibility of the Dependent Dirichlet Process to model potential outcome distributions conditionally to covariates, thus enabling us to: (i) estimate individual treatment effects, (ii) identify heterogeneous and mutually exclusive population sub-groups defined by similar CATEs, and (iii) estimate causal effects within each of the subgroups. Through simulations, we demonstrate the effectiveness of our method in uncovering key insights about treatment effects heterogeneity. We apply our method to claims data from Medicare enrollees (i.e., individuals older than 65) in California. We found five mutually exclusive groups where the causal effects of PM2.5 on mortality are heterogeneous.

Joint work with Dafne Zorzetto, Falco J. Bargagli-Stoffi and Francesca Dominici."
2023-03-01,12:00,13:00,Emanuele Aliverti,https://homes.stat.unipd.it/emanuelealiverti/en/home-2,University of Padova,Stratified stochastic variational inference for networks,DEMS seminar room 2104,"U7 Civitas, 2nd floor",,,"There has been considerable interest in Bayesian modeling high dimensional networks via latent space approaches. These methods allow one to characterize the dependence structure of a network with simplicity, often demonstrating remarkable empirical performances. Unfortunately, as the number of nodes increases, estimation based on Markov chain Monte Carlo becomes very slow and can lead to inadequate mixing. In this talk, I will illustrate scalable algorithms to conduct approximate posterior inference for latent space models, relying on a novel stratified variational inference approach that leverages the sparsity of the network structure. The benefits of the proposed methods will be illustrated with different case studies, focusing on high-resolution brain imaging and investigating the relationships among contrade in Venice during the 18th century."
2023-09-27,12:00,13:00,Victor M. Panaretos,https://www.epfl.ch/labs/smat/prof-victor-m-panaretos/,EPFL,Graphical models for stochastic processes,DEMS seminar room 2104,"U7 Civitas, 2nd floor",,,"Graphical models allow us to distinguish direct and indirect associations in data. They can be used as models or they can be the targets of inference, and have been extensively studied in many contexts, the most recent emphasis being in high-dimensional statistics. For the most part, one considers a collection of random vectors indexed by a finite or discrete set. The purpose of this talk is to explore what happens when we are interested in the associations within and between stochastic processes. In the first case, we are dealing with graphical models with uncountable rather than discrete index set. In the latter case, we are dealing with graphical models for finite collections of function-valued random variables. Such settings introduce conceptual challenges owing to the lack of infinite-dimensional analogues of familiar algebraic tools, such as matrix inverses and determinants. It will turn out that the two problems share commonalities but also notable differences. Based on joint work with Kartik Waghmare (EPFL) and Tomas Masak (EPFL)."
2023-12-14,12:00,13:00,Filippo Ascolani,https://filippoascolani.github.io/,Bocconi University,Dimension-free mixing times of coordinate-wise methods for Bayesian hierarchical models,DEMS seminar room 2104,"U7 Civitas, 2nd floor",,https://arxiv.org/abs/2304.06993,"Gibbs samplers are popular algorithms to approximate posterior distributions arising from Bayesian hierarchical models. Despite their popularity and good empirical performances, however, there are still relatively few quantitative results on their convergence properties, e.g. much less than for gradient-based sampling methods. In this work we analyse the behaviour of total variation mixing times of Gibbs samplers targeting hierarchical models using tools from Bayesian asymptotics. We obtain dimension-free convergence results under random data-generating assumptions, for a broad class of two-level models with generic likelihood function. Specific examples with Gaussian, binomial and categorical likelihoods are provided. If time permits, the extension to Metropolis-within-Gibbs schemes will be discussed. This is a joint work with Giacomo Zanella (Bocconi University)."
2024-02-08,12:00,13:00,Sylvia Frühwirth-Schnatter,https://statmath.wu.ac.at/~fruehwirth,WU Vienna University of Economics and Business,Recent advances in finite mixture analysis,DEMS seminar room 2104,"U7 Civitas, 2nd floor",,,"Since Karl Pearson's seminal work in 1894, finite mixture models have attracted a lot of attention due to their versatility in analyzing statistical data as well as due to the challenges in model estimation. Finite mixture models allow to infer latent heterogeneity in possibly large data sets and have a wide range of applications in economics and business, the social sciences or the life sciences, just to mention a few fields. The first part of this talk will provide a brief overview of the concept of finite mixture models and their application for model-based clustering and will discuss why it is particularly useful to approach finite mixture analysis from a Bayesian perspective.

The second part discusses recent advances in Bayesian mixture models when the number of components of the mixture distribution is unknown. Special emphasis will be placed on the framework of generalized mixtures of finite mixtures. It is shown that for this model class a pronounced difference between the number of components in the mixture distribution and the number of clusters in the data set exists. The concentration parameter in the Dirichlet prior on the mixture weights is instrumental in this respect and, for appropriate choices, finite mixture models imply a prior distribution on the partition of the data with a random number of data clusters. In addition, a prior is put on the number K of components in the mixture distribution. This allows to infer simultaneously K and the number of data clusters from the data.

Finite mixtures are often considered to be quite different from infinite mixtures, commonly used in Bayesian non-parameteric mixture analysis. By characterizing the induced partitions in a unifying framework, it is shown that dynamic mixtures of finite mixtures where the hyperparameter of the Dirichlet prior decreases as the number of components K increases are a natural extension of Dirichlet process mixtures beyond Gibbs-type priors and discuss their relationship to mixtures of Pitman-Yor-Process mixtures.

Finally, a novel MCMC algorithm for posterior inference in finite mixtures, the telescoping sampler, will be discussed. Most importantly, the telescoping sampler avoids the tedious design of moves in alternative trans-dimensional approaches such as reversible jump MCMC. The telescoping sampler is straightforward to apply even to high-dimensional data sets and arbitrary component models, as will be illustrated by various applications, including multivariate mixtures of Gaussians, and mixtures of factor analyzers.

Based on joint work with Bettina Grün, Gertraud Malsiner-Walli and Margaritha Grushanina."
2024-06-07,12:00,13:00,Riccardo Passeggeri,https://sites.google.com/site/riccardopasseggeri/home,Imperial College London,Random signed measures,DEMS seminar room 2104,"U7 Civitas, 2nd floor",,,"In this talk I present the theory of random signed measures and its applications to Bayesian nonparametric statistics and to sparse random graphs. In particular, I provide a necessary and sufficient condition for the extension of random signed measures, which solves a 70-year-old open problem dating back to the works of Alfred Renyi. This allows us to obtain a canonical definition of a random signed measure. Further, I present a representation of completely random signed measures (CRSMs), which extends the celebrated Kingman's representation for completely random measures (CRMs) to the real-valued case. I will also discuss some examples including the Skellam point process, which we show to be equivalent to a simple signed point process with independent increments, and the Gaussian random measure."
2024-11-06,12:00,13:00,Valeria Vitelli,https://www.med.uio.no/imb/english/people/aca/valeriv/,University of Oslo,Bayesian covariate-informed clustering of high-dimensional data in the Mallows rank model,DEMS seminar room 2104,"U7 Civitas, 2nd floor",,,"Rank-based models can be used to estimate individual behaviours and preferences in several areas, such as marketing and politics. Often, combining the expressed preferences with additional user-related information (covariates) can potentially lead to a better accuracy in individual predictions, by enhancing the understanding of the users’ personal profiles. The Mallows model is a popular model for rankings, as it flexibly adapts to different types of preference data, and the previously proposed Bayesian Mallows Model (BMM) offers a computationally efficient framework for Bayesian inference also allowing capturing the users’ heterogeneity, via a finite mixture. However, the Mallows model does not seem realistic when the pool of items is large, and furthermore BMM does not currently allow the use of covariates. In this talk, I will introduce a recent extension of BMM that embeds covariate information in a joint rank-based clustering framework. A lower-dimensional version of BMM (lowBMM) that scales to large datasets has also been proposed, and we now propose to combine it with a Bayesian mixture of Mallows models. Performance of both methods is investigated via simulation studies, and via real-data examples in genomics and preference learning.

This is joint work with Luca Coraggio, Emilie Eliseussen, Arnoldo Frigessi, Haakon Muggerud, and Ida Scheel."
2025-03-05,12:00,13:00,Ziyi Song,https://ziyi-song-stats.github.io,"University of California, Irvine",Clustering computer-mouse tracking data with informed hierarchical shrinkage partition priors,DEMS seminar room 2104,"U7 Civitas, 2nd floor",,https://academic.oup.com/biometrics/article/80/4/ujae124/7850951,"Mouse-tracking data, which record computer mouse trajectories while participants perform an experimental task, provide valuable insights into subjects’ underlying cognitive processes. Neuroscientists are interested in clustering the subjects’ responses during computer mouse-tracking tasks to reveal patterns of individual decision-making behaviors and identify population subgroups with similar neurobehavioral responses. These data can be combined with neuroimaging data to provide additional information for personalized interventions. In this article, we develop a novel hierarchical shrinkage partition (HSP) prior for clustering summary statistics derived from the trajectories of mouse-tracking data. The HSP model defines a subjects’ cluster as a set of subjects that gives rise to more similar (rather than identical) nested partitions of the conditions. The proposed model can incorporate prior information about the partitioning of either subjects or conditions to facilitate clustering, and it allows for deviations of the nested partitions within each subject group. These features distinguish the HSP model from other bi-clustering methods that typically create identical nested partitions of conditions within a subject group. Furthermore, it differs from existing nested clustering methods, which define clusters based on common parameters in the sampling model and identify subject groups by different distributions. We illustrate the unique features of the HSP model on a mouse tracking dataset from a pilot study and in simulation studies. Our results show the ability and effectiveness of the proposed exploratory framework in clustering and revealing possible different behavioral patterns across subject groups."
2025-06-04,12:00,13:00,Amichai Painsky,https://amichai.sites.tau.ac.il/,Tel Aviv University,Large alphabet inference,DEMS seminar room 2104,"U7 Civitas, 2nd floor",,,"Consider a finite sample from an unknown distribution over a large alphabet. Making inference in a large alphabet regime is a fundamental problem in statistics and related fields, which entails several basic challenges. For example, how accurately can we infer the parameters of events that do not appear in the sample? What can we say about the most frequent events in the sample? The entire underlying distribution? In this talk we introduce a novel inference scheme that tackles these challenging problems. Our proposed framework applies selective inference, as we construct confidence intervals (CIs) for the desired set of parameters. Interestingly, we show that obtained CIs are dimension-free, as they do not grow with the alphabet size. Further, we show that our CIs are (almost) tight, in the sense that they cannot be further improved without violating the prescribed coverage rate."
2025-10-17,12:30,13:30,Sam Power,https://sites.google.com/view/sp-monte-carlo,University of Bristol,A state-space perspective on modelling and inference for online skill rating,Aula 12,U1,,,"In the quantitative analysis of competitive sports, a fundamental task is to estimate the skills of the different agents (‘players’) involved in a given competition based on the outcome of pairwise comparisons (‘matches’) between said players, often in an online setting. In this talk, I will discuss recent work in which we advocate for adoption of the state-space modelling paradigm in solving this problem. This perspective facilitates the decoupling of modeling from inference, enabling a more focused approach to development and critique of model assumptions, while also fostering the development of general-purpose inference tools. I will first describe some illustrative model classes which arise in this framework, before turning to a careful discussion of inference and computation strategies for these models. A key challenge throughout is to develop methodology which scales gracefully to problems with a large number of players and a high frequency of matches. I then conclude by describing some real-data applications of our approach, demonstrating how this framework facilitates a practical workflow across different sports. This is joint work with Samuel Duffield (Normal Computing) and Lorenzo Rimella (Università degli Studi di Bergamo)."
2025-12-17,12:30,13:30,Déborah Sulem,https://dsulem.github.io,Università della Svizzera italiana,Bayesian inference for high-dimensional Gaussian graphical models with spike-and-slab prior,Aula 04,U2,,,"Gaussian graphical models are widely used to infer the partial dependency structure among variables, for example, in gene studies and neuroimaging data. Under this model, conditional independence statements are encoded by zero entries in the model's precision matrix. However, the computational demands of estimating a high-dimensional precision matrix with Bayesian methods have limited the scope of applications when the number of observed variables is large. In this work we consider a parameterization of the prior distribution based on the discrete spike-and-slab and design scalable Monte-Carlo Markov Chains algorithms for computing the posterior distribution in high-dimensional settings. Our algorithms capitalise on the concentration of the posterior on sparse precision matrices when the ""true"" graphical model is sparse. We also exploit the relationship between the conditional dependence structure and linear regression models to decompose the high-dimensional estimation problem via row-wise computations. This approach enables us to parallelise some computations of posterior conditional distributions and fosters an efficient exploration of the network structure. Furthermore, we characterise the efficiency of our Monte-Carlo Markov Chains algorithms in terms of mixing time, using newly developed concepts of conductance for the analysis of Metropolis-within-Gibbs chains (Ascolani et al., 2024)."
2026-02-25,12:00,13:00,Andrea Cremaschi,https://andcre87.github.io/andreacremaschi.github.io/,IE University,Latent modularity in multi-view data,Aula 06,U1,,,"We consider the problem of clustering multi-view data, that is, information associated with individuals that form heterogeneous data sources (the views). We adopt a Bayesian model and in the prior structure we assume that each individual belongs to a baseline cluster and conditionally allow each individual in each view to potentially belong to different clusters than the baseline. We call such a structure latent modularity. Then for each cluster, in each view we have a specific statistical model with an associated prior. We derive expressions for the marginal priors on the view-specific cluster labels and the associated partitions, giving several insights into our chosen prior structure. Using simple Markov chain Monte Carlo algorithms, we consider our model in a simulation study, along with a more detailed case study that requires several modeling innovations."
2026-03-05,12:30,13:30,Babak Shahbaba,https://www.ics.uci.edu/~babaks,"University of California, Irvine",Meta Fusion: a unified framework for multimodal fusion with adaptive mutual learning,Aula 06,U3,,,"Developing effective multimodal data fusion strategies has become increasingly important for enhancing the predictive power of statistical machine learning methods across a wide range of applications, from autonomous driving to medical diagnosis. Traditional fusion methods, including early, intermediate, and late fusion, integrate data at different stages, each offering distinct advantages and limitations. In this talk, we discuss Meta Fusion, a flexible and principled framework that unifies these existing strategies as special cases. Motivated by deep mutual learning and ensemble learning, Meta Fusion constructs a cohort of models based on various combinations of latent representations across modalities, and further boosts predictive performance through “soft information sharing” within the cohort. Our approach is model-agnostic in learning the latent representations, allowing it to flexibly adapt to the unique characteristics of each modality. Theoretically, our soft information sharing mechanism reduces the generalization error. Empirically, Meta Fusion consistently outperforms conventional fusion strategies in extensive simulation studies. We further validate our approach on real-world applications, including Alzheimer’s disease detection and neural decoding."
2026-03-11,12:30,13:30,Daniela Witten,https://www.danielawitten.com,University of Washington,Valid F-screening in linear regression,Aula 32,U6,Joint DISMEQ/DEMS seminar,,"Suppose that a data analyst wishes to report the results of a least squares linear regression only if the overall null hypothesis—namely, that all non-intercept coefficients equal zero—is rejected. This practice, which we refer to as F-screening (since the overall null hypothesis is typically tested using an F-statistic), is in fact common practice across a number of applied fields. Unfortunately, it poses a problem: standard guarantees for the inferential outputs of linear regression, such as Type 1 error control of hypothesis tests and nominal coverage of confidence intervals, hold unconditionally, but fail to hold conditional on rejection of the overall null hypothesis. In this talk, I will present an inferential toolbox for the coefficients in a least squares model that are valid conditional on rejection of the overall null hypothesis. I will present selective p-values that lead to tests that control the selective Type 1 error, i.e., the Type 1 error conditional on having rejected the overall null hypothesis. Furthermore, they can be computed without access to the raw data, using only the standard outputs of a least squares linear regression, and therefore are suitable for use in a retrospective analysis of a published study. I will also present confidence intervals that attain nominal selective coverage, and point estimates that account for having rejected the overall null hypothesis. I will illustrate this selective procedure via re-analysis of a published result in the biomedical literature, for which the raw data is not available. This is joint work with Olivia McGough (U. Washington) and Daniel Kessler (UNC Chapel Hill)."
2026-03-20,12:30,13:30,Francesco Stingo,https://cercachi.unifi.it/p-doc2-0-0-A-3f2b3c2a382f2b.html,University of Florence,Bayesian clustering-based approaches to personalized medicine,Aula 11,U1,,,"In this talk, we will first briefly review Bayesian methods that, in addition to accounting for heterogeneous data, can exploit information on treatment and response and serve as tools for precision medicine (Ma et al., 2016, 2019). We will present a novel model that flexibly clusters patients with similar predictive characteristics and treatment responses (Pedone et al., 2024); this approach identifies, via predictive inference, which treatment is better suited for a new patient. The proposed method is fully model-based, avoiding the uncertainty underestimation that arises when treatment assignment is performed using heuristic clustering procedures, and belongs to the class of product partition models with covariates, here extended to include the cohesion induced by the normalized generalized gamma process. The method performs particularly well in scenarios characterized by considerable heterogeneity of the predictive covariates in simulation studies. A cancer genomics case study illustrates the potential benefits of the proposed approach in terms of treatment selection. This approach produces specific response probabilities of clusters and then identifies patients more likely to benefit from personalized treatment. Finally, we will discuss multi-view approaches that, in addition to the aforementioned inference, can also detect relevant prognostic covariates from a large set of biomarkers, thereby being better suited for the analysis of high-dimensional datasets."
2026-04-23,12:30,13:30,Stephen Walker,https://web.ma.utexas.edu/users/s.g.walker/,University of Texas at Austin,Bayesian uncertainty quantification,Aula 06,U3,,,The talk will discuss the source of Bayesian uncertainty. Statisticians typically observe a part of the data of what would need to be observed for no uncertainty to exist. The missing part of the data represents the source of uncertainty. In order to quantify this uncertainty a model for the missing data conditional on the observed data is required to be constructed. Classical Bayesian approaches do this through a prior and posterior. Alternative strategies based on one step ahead predictive densities or density estimators are also possible. A key tool for the construction is a martingale.
2026-05-13,12:30,13:30,Scott Holan,https://holans.mufaculty.umsystem.edu/,University of Missouri,Variational autoencoded multivariate spatial models for small area estimation,Aula 11,U9,,,"Small area estimation models are essential for estimating population characteristics in regions with limited sample sizes, thereby supporting policy decisions, demographic studies, and resource allocation, among other use cases. The spatial Fay–Herriot model is one such approach that incorporates spatial dependence to improve estimation by borrowing strength from neighboring regions. However, this approach often requires substantial computational resources, limiting its scalability for high-dimensional datasets, especially when considering multiple (multivariate) responses. This presentation proposes two methods that integrate the multivariate spatial Fay–Herriot model with spatial random effects, learned through variational autoencoders, to efficiently leverage spatial structure. Importantly, after training the variational autoencoder to represent spatial dependence for a given set of geographies, it may be used again in future modeling efforts, without the need for retraining. Additionally, the use of the variational autoencoder to represent spatial dependence results in extreme improvements in computational efficiency, even for massive datasets. We demonstrate the effectiveness of our approach using 5-year period estimates from the American Community Survey over all census tracts in California.

This is joint work with Zhenhua Wang (University of Missouri) and Paul A. Parker (UC Santa Cruz)."
2026-11-19,12:30,13:30,Giovanni Rebaudo,https://giovannirebaudo.github.io/,University of Turin,Partially exchangeable discrete structures and Bayesian learning,Aula 03,U2,,,"Species sampling processes have long provided the reference framework for modelling random discrete distributions and exchangeable sequences. Data arising from distinct but related sources, however, require a broader notion of probabilistic invariance, making partial exchangeability a natural choice. Numerous models for partially exchangeable data, known as dependent nonparametric priors, have been proposed, including hierarchical, nested and additive processes used in statistics and machine learning. Still, a unifying theory is lacking and key questions about their underlying learning mechanisms remain unanswered. We fill this gap by introducing multivariate species sampling models, a new class encompassing most existing finite- and infinite-dimensional dependent processes. They are characterised by the partially exchangeable partition probability function encoding their multigroup clustering structure. We establish their core distributional properties and analyse their dependence structure, showing that borrowing of information across groups is governed by the probability of ties across groups. This clarifies their learning mechanisms and gives a principled rationale for the previously unexplained correlation structure observed in existing models. Beyond a cohesive theoretical foundation, the approach is a constructive tool for building new models and opens directions for richer forms of dependence."
2026-12-03,12:30,13:30,Christian P. Robert,https://www.ceremade.dauphine.fr/~xian/,Université Paris Dauphine-PSL,Bayesian decision-theoretic privacy,Aula 03,U2,,,"The seminar presents two original Bayesian approaches to the quantification of statistical privacy. The first approach by Bon, Bailie, Rousseau & Robert (2026) is persuasive privacy, a framework for measuring privacy from a Bayesian game-theoretic perspective inspired by Bayesian persuasion. A data curator commits to a release mechanism, and an adversary updates her beliefs and acts on them. Privacy is then measured by how far the release can move the adversary’s decisions. The framework yields new, purpose-driven privacy definitions that are rigorously justified, and it lets existing guarantees be assessed through game theory. Pure and probabilistic differential privacy do appear as special cases of this framework, the post-processing inequality receives new interpretations, and privacy guarantees can be established for deterministic algorithms, which current standards overlook. The second approach by Bell, Johnston, Luciano & Robert (2026) is Bayesian adversarial privacy, a contextual and specific notion involving a curator, a legitimate user and an adversary. We argue it is more meaningful than differential privacy and more explicit and rigorous than the formulations common in statistical disclosure control. It also resorts to standard Bayesian decision theory but departs from it in an important respect. The party controlling the release should make disclosure decisions from the prior viewpoint, not conditional on the data, even when the data are observed. Toy examples and computational methods illustrate both approaches."
