programme,cycle,year,name,thesis,supervisor,co_supervisor,tutor,sector,position,previous_position,repository
"Economics, Statistics and Data Science",XXXIV,2023,Luca Brusa,Developments in Discrete Latent Variable Models: Dealing with Likelihood Multimodality and Clustering of Simple Hypergraphs,Fulvia Pennoni,Francesco Bartolucci (Univ. Perugia),Giorgio Vittadini,Postdoc,"Research fellow, University of Milano-Bicocca",,https://hdl.handle.net/10281/405976
"Economics, Statistics and Data Science",XXXIV,2023,Chiara Galimberti,Advanced Analytics and Machine Learning for Industrial Manufacturing Applications,Stefano Peluso,,Aldo Solari,Industry,"Senior Data Scientist, PriceHubble",,https://hdl.handle.net/10281/405975
"Economics, Statistics and Data Science",XXXIV,2023,Filippo Giorgini,Global Games of Policy Change: the Role of Sociopolitical Variables in Affecting the Equilibrium and its Uniqueness,Mario Gilli,,Francesca Greselin,,,,https://hdl.handle.net/10281/415896
"Economics, Statistics and Data Science",XXXIV,2023,Camilla Salvatore,Essays on Inference for Non-probability Samples and Survey Data Integration,Silvia Biffignandi (Univ. Bergamo),,Piergiorgio Lovaglio,Academia,"Assistant Professor, Methodology & Statistics, Utrecht University",,https://hdl.handle.net/10281/415797
"Economics, Statistics and Data Science",XXXV,2024,Federico Cortese,Statistical Modeling and Temporal Clustering of Multivariate Time-series with Applications to Financial Data,Fulvia Pennoni,Francesco Bartolucci (Univ. Perugia); Petter Kolm (NYU); Erik Lindström (Lund Univ.),Matteo Pelagatti,Postdoc,"Postdoctoral researcher, Department of Economics, Management and Quantitative Methods, University of Milan",,https://hdl.handle.net/10281/460320
"Economics, Statistics and Data Science",XXXV,2024,Alice Giampino,Innovative Approaches to Bayesian Clustering Methods: Parametric and Nonparametric Perspectives,Bernardo Nipoti,Michele Guindani (UCLA),Sonia Migliorati,Postdoc,"Research fellow, University of Milano-Bicocca",,https://hdl.handle.net/10281/461718
"Economics, Statistics and Data Science",XXXV,2024,Silvio Gerli,A Novel Methodology to Make Topic Models Predict Real Topics and to Compare them in Big Data Corpus,Matteo Borrotti,,Fulvia Pennoni,Industry,"CEO, Sinte srl",,https://hdl.handle.net/10281/461858
"Economics, Statistics and Data Science",XXXV,2024,Alessandro Mascaro,Bayesian Approaches to Causal Inference and Discovery from Observational and Interventional Data,Federico Castelletti (Univ. Cattolica),,Lucia Paci (Univ. Cattolica),Industry,AstraZeneca,,https://hdl.handle.net/10281/460558
"Economics, Statistics and Data Science",XXXV,2024,Vincenzo Nardelli,Methods for Extracting Valuable Information from Spatial Web and Open Reliable Data,Giuseppe Arbia (Univ. Cattolica),,Stefano Peluso,Academia,"Assistant Professor, Università Cattolica del Sacro Cuore",,https://hdl.handle.net/10281/461343
"Economics, Statistics and Data Science",XXXV,2024,Fabio Piacenza,"Holistic Approach to Operational Risk: Issues, Solutions, and Decision Making",Francesca Greselin,Ričardas Zitikis (Western Univ.),Francesca Greselin,Industry,"Senior Quantitative Analyst, Operational Risk, UniCredit",,https://hdl.handle.net/10281/482899
"Economics, Statistics and Data Science",XXXVI,2025,Luca Aiello,Advanced Bayesian Modeling in Public Health and Environmental Risk Assessment,Lucia Paci (Univ. Cattolica),Raffaele Argiento (Univ. Bergamo),,Postdoc,"Postdoctoral researcher, Department of Biostatistics, UCLA",,https://hdl.handle.net/10281/541421
"Economics, Statistics and Data Science",XXXVI,2025,Francesco Barile,Advances in Bayesian Methods: Nonparametric Network Modeling and Scalable Computations,Bernardo Nipoti,,Fulvia Pennoni,Postdoc,"Research fellow, University of Milano-Bicocca",,https://hdl.handle.net/10281/548962
"Economics, Statistics and Data Science",XXXVI,2025,Jiefeng Bi,Advancements in Bayesian Methods for Personalized Medicine,Bernardo Nipoti,,,,,,https://hdl.handle.net/10281/544121
"Economics, Statistics and Data Science",XXXVI,2025,Riccardo Cogo,Bayesian Nonparametric Models for Survival Analysis,Federico Camerlenghi,Tommaso Rigon,Matteo Pelagatti,Industry,"Senior Data Scientist, Intesa Sanpaolo",,https://hdl.handle.net/10281/542941
"Economics, Statistics and Data Science",XXXVI,2025,Ludovica De Carolis,A New Network Approach to Psychological Assessments within a Latent Space Item Response Modeling Framework,Minjeong Jeon (UCLA),,Sonia Migliorati,,,,https://hdl.handle.net/10281/550502
"Economics, Statistics and Data Science",XXXVI,2025,Claudia Sartirana,Network Effects on Green Propensity and Determinants of Persistence in Green Innovation: Two Empirical Studies on US Firms Using Patent Data,Maria Luisa Mancusi (Univ. Cattolica),,Aldo Solari,Postdoc,"Research fellow, University of Milan",,https://hdl.handle.net/10281/543582
"Economics, Statistics and Data Science",XXXVII,2026,Alessandro Colombi,"Bayesian Learning of Latent Discrete Structures: Graphs, Clusters and Features Allocation",Raffaele Argiento (Univ. Bergamo),Lucia Paci (Univ. Cattolica),,Postdoc,"Postdoctoral researcher, Bocconi Institute for Data Science and Analytics (BIDSA), Bocconi University",,https://hdl.handle.net/10281/595221
"Economics, Statistics and Data Science",XXXVII,2026,Luca Danese,Bayesian Methods for Change Point Analysis,Andrea Ongaro,Riccardo Corradin,,Industry,"Data Scientist, BID",,https://hdl.handle.net/10281/594842
"Economics, Statistics and Data Science",XXXVII,2026,Lorenzo Ghilotti,Feature Allocation Models in Bayesian Statistics,Federico Camerlenghi,,,Postdoc,"Postdoctoral researcher, Duke University",,https://hdl.handle.net/10281/596849
"Economics, Statistics and Data Science",XXXVII,2026,Chiara Gaia Magnani,Distribution-free Outlier Detection,Aldo Solari (Univ. Ca' Foscari),,,Postdoc,"Postdoctoral researcher, Bocconi Institute for Data Science and Analytics (BIDSA), Bocconi University",,https://hdl.handle.net/10281/595222
"Economics, Statistics and Data Science",XXXVII,2026,Luca Presicce,Bayesian Transfer Learning Approaches for Large-scale Spatiotemporal Problems,Tommaso Rigon,Sudipto Banerjee (UCLA),Federico Camerlenghi,Postdoc,"Postdoctoral Fellow, Department of Biostatistics, Johns Hopkins Bloomberg School of Public Health",,https://hdl.handle.net/10281/595381
Statistics and Mathematical Finance,XXXIII,2022,Anna Comotti,Assessing psychometric scales through IRT-based modelling with application to COVID-19 data,Francesca Greselin,Matteo Bonzini (Univ. Milano),,,,,https://hdl.handle.net/10281/365350
Statistics and Mathematical Finance,XXXIII,2021,Andrea Gilardi,Statistical Models and Data Structures for Spatial Data on Road Networks,Riccardo Borgoni,Jorge Mateu (Univ. Jaume I),Riccardo Borgoni,Academia,"Tenure-track Assistant Professor (RTT), University of Milano-Bicocca",,https://hdl.handle.net/10281/314016
Statistics and Mathematical Finance,XXXIII,2021,Paolo Maranzano,"Essays on air quality statistics: time series methods for evaluating environmental protection policies in Lombardy, Italy",Matteo Pelagatti,Alessandro Fassò (Univ. Bergamo),Matteo Pelagatti,Academia,"Tenure-track Assistant Professor (RTT), University of Milano-Bicocca",,https://hdl.handle.net/10281/314018
Statistics and Mathematical Finance,XXXIII,2021,Kehinde Ibukun Olobatuyi,A Family of Variational Algorithms for Approximate Bayesian Inference of High-Dimensional Data,Robert G. Aykroyd (Univ. Leeds),,Aldo Solari,,,,https://hdl.handle.net/10281/325856
Statistics and Mathematical Finance,XXXII,2021,Mattia Bolzoni,Variational inference and semi-parametric methods for time-series probabilistic forecasting,Matteo Pelagatti,,Fulvia Mecatti,Industry,"Data Science Manager, Pirelli",,https://hdl.handle.net/10281/313704
Statistics and Mathematical Finance,XXXII,2020,Andrea Cappozzo,Robust model-based classification and clustering: advances in learning from contaminated datasets,Francesca Greselin,Thomas Brendan Murphy (Univ. College Dublin),Francesca Greselin,Academia,"Associate Professor, Università Cattolica del Sacro Cuore",,https://hdl.handle.net/10281/262919
Statistics and Mathematical Finance,XXXII,2020,Francesco Denti,Bayesian Mixtures for Large Scale Inference,Antonietta Mira (USI Lugano),Fulvia Mecatti,Andrea Ongaro,Academia,"Tenure-track Assistant Professor (RTD-B), University of Padova",,https://hdl.handle.net/10281/262923
Statistics and Mathematical Finance,XXXII,2020,Nikolaos Petrakis,Objective Bayes Structure Learning in Gaussian Graphical Models,Guido Consonni (Univ. Cattolica),,Stefano Peluso,Industry,"Senior Data Scientist, Amazon",,https://hdl.handle.net/10281/262921
Statistics and Mathematical Finance,XXXI,2019,Roberto Ascari,A family of Flexible mixture distributions for constrained data,Andrea Ongaro,,Andrea Ongaro,Academia,"Tenure-track Assistant Professor (RTD-B), University of Milano-Bicocca",,https://hdl.handle.net/10281/241237
Statistics and Mathematical Finance,XXXI,2019,Stefano Barberis,New developments in Cluster-Weighted Modeling,Giorgio Vittadini,Mario Mezzanzanica,Marco Fattore,Industry,"Data Engineer – Senior Developer, lastminute.com group",,https://hdl.handle.net/10281/241157
Statistics and Mathematical Finance,XXXI,2019,Riccardo Corradin,Contributions to modelling via Bayesian nonparametric mixtures,Bernardo Nipoti,,Riccardo Borgoni,Academia,"Tenure-track Assistant Professor (RTD-B), University of Milano-Bicocca",,https://hdl.handle.net/10281/241261
Statistics and Mathematical Finance,XXXI,2020,Alexios Polymeropoulos,Objective Variable Selection in Multinomial Logistic Regression: a Conditional Latent Approach,Guido Consonni (Univ. Cattolica),Ioannis Ntzoufras (AUEB Athens),Guido Consonni (Univ. Cattolica),Research institute,"Senior Biostatistician, Fondazione IRCCS Istituto Nazionale dei Tumori di Milano",,https://hdl.handle.net/10281/271146
Statistics and Mathematical Finance,XXX,2018,Federico Castelletti,Learning Markov Equivalence Classes of Gaussian DAGs via Observational and Interventional Data: an Objective Bayes Approach,Guido Consonni (Univ. Cattolica),,Guido Consonni (Univ. Cattolica),Academia,"Associate Professor, Università Cattolica del Sacro Cuore",,https://hdl.handle.net/10281/199179
Statistics and Mathematical Finance,XXIX,2017,Antonella Carcagnì,Una specificazione semiparametrica del modello di regressione M-Quantile ad effetti casuali con applicazioni a dati ambientali georeferenziati,Riccardo Borgoni,,Riccardo Borgoni,,,,https://hdl.handle.net/10281/180711
Statistics and Mathematical Finance,XXIX,2017,Emanuela Furfaro,A sequential adaptive approach for surveying rare and clustered populations,Fulvia Mecatti,Federico Andreis,Fulvia Mecatti,Academia,"Assistant Teaching Professor, Department of Statistics, University of Washington",,https://hdl.handle.net/10281/158306
Statistics and Mathematical Finance,XXIX,2017,Gianmarco Vacca,Redundancy Analysis Models with Categorical Endogenous Variables: New Estimation Techniques Based on Vector GLM and Artificial Neural Networks,Pietro Giorgio Lovaglio,,Pietro Giorgio Lovaglio,Academia,"Tenure-track Assistant Professor (RTT), Università Cattolica del Sacro Cuore",,https://hdl.handle.net/10281/158304
Statistics,XXVIII,2015,Gaia Bertarelli,Latent markov models for aggregate data: application to disease mapping and small area estimation,M. Giovanna Ranalli (Univ. Perugia),Fulvia Mecatti,,Academia,"Associate Professor, Ca' Foscari University of Venice",,https://hdl.handle.net/10281/96252
Statistics,XXVIII,2015,Agnese Maria Di Brisco,Statistical Network Analysis: a Multiple Testing Approach,Piero Quatto,,,Academia,"Associate Professor, University of Eastern Piedmont",,https://hdl.handle.net/10281/96090
Statistics,XXVIII,2015,Nicola Donelli,Bayesian semiparametric analysis of vector Multiplicative Error Models,Fulvia Mecatti,,,,,,https://hdl.handle.net/10281/95879
Statistics,XXVIII,2016,Igor Valli,Scomposizione per sottopopolazioni dell'indice di Bonferroni,Michele Zenga,,,,,,https://hdl.handle.net/10281/114249
Statistics and Applications,XXVIII,2015,Marcella Mazzoleni,Joint models for time-to-event and multivariate longitudinal data,Marcella Polisicchio,,,,,,https://hdl.handle.net/10281/95620
Statistics,XXVII,2014,Andrea Artaria,Objective Bayesian Analysis for Differential Gaussian Directed Acyclic Graphs,Guido Consonni (Univ. Cattolica),,Andrea Ongaro,,,,https://hdl.handle.net/10281/55327
Statistics,XXVII,2015,Filomena Madormo,Model Averaging using performance and distance measures,Fulvia Mecatti,Silvia Figini (Univ. Pavia),,,,,https://hdl.handle.net/10281/88349
Statistics,XXVII,2014,Carlo Orsi,Estensioni non centrali della distribuzione e del processo di Dirichlet,Andrea Ongaro,,Andrea Ongaro,Academia,"Assistant Professor (RTD-A), IMT School for Advanced Studies Lucca",,https://hdl.handle.net/10281/55324
Statistics,XXVII,2014,Pia Clara Pafundi,Specification and estimation of complex structural models with covariate effects,Riccardo Borgoni,,,,,,https://hdl.handle.net/10281/54182
Statistics and Applications,XXVII,2014,Mauro Iannace,COGARCH processes: theory and asymptotics for the pseudo-maximum likelihood estimator,Ilia Negri (Univ. Bergamo),Claudia Klüppelberg (TU Munich),,,,,https://hdl.handle.net/10281/55528
Statistics,XXVI,2014,Silvia Caligaris,A Causal Graphs - based approach for assessing gender disparities: an application to child health & nutrition in China,Fulvia Mecatti,Franca Crippa; Patrizia Farina,,,,,https://hdl.handle.net/10281/83241
Statistics,XXVI,2015,Rossana Rosati,Testing cross-national construct equivalence in international surveys. Applications on international civic and citizenship education survey data,Fulvia Mecatti,Daniele Vidoni (JRC),,,,,https://hdl.handle.net/10281/95793
Statistics and Applications,XXVI,2014,Elvira Pelle,Log-linear multidimensional Rasch model for capture-recapture,Peter G. M. van der Heijden (Utrecht Univ.),Dave Hessen (Utrecht Univ.),Pier Francesco Perri (Univ. Calabria),Academia,"Associate Professor, University of Modena and Reggio Emilia",,https://hdl.handle.net/10281/52008
Statistics,XXV,2013,Alessandra Grotta,Causal mediation analysis on survival data: application on the national march cottort,Rino Bellocco,,Rino Bellocco,,,,https://hdl.handle.net/10281/41633
Statistics,XXV,2013,Sara Sala,Statistical analysis of brain network,Piero Quatto,Massimo Filippi (Univ. Vita-Salute San Raffaele); Theodore Kypraios (Univ. Nottingham),Piero Quatto,,,,https://hdl.handle.net/10281/43723
Statistics and Applications,XXV,2014,Marco Gallotti,Sorveglianza della matrice di varianze e covarianze di un portafoglio efficiente tramite la tecnica lasso,Diego Zappa (Univ. Cattolica),,Diego Zappa (Univ. Cattolica),,,,https://hdl.handle.net/10281/51746
Statistics and Applications,XXV,2013,Stefano Nembrini,Machine Learning Methods for Feature Selection and Rule Extraction in Genome-wide Association Studies (GWASs),Paola Zuccolotto (Univ. Brescia),Cristian Pattaro; Marco Sandri,,,,,https://hdl.handle.net/10281/43581
Statistics and Applications,XXV,2013,Federica Nicolussi,Marginal parametrizations for conditional independence models and graphical models for categorical data,Roberto Colombi (Univ. Bergamo),,,Academia,"Associate Professor, Politecnico di Milano",,https://hdl.handle.net/10281/43679
Statistics,XXIV,2013,Paola Gioia,Towards more accurate measures of global sensitivity analysis. Investigation of first and total order indices,Stefano Tarantola (JRC),,,,,,https://hdl.handle.net/10281/45695
Statistics,XXIV,2012,Enrico Ripamonti,Inference of casual risk differences: testing statistical hypotheses,Piero Quatto,,Piero Quatto,Academia,"Associate Professor, University of Brescia",,https://hdl.handle.net/10281/28634
Statistics and Applications,XXIV,2012,Rosita De Paola,Median estimation using auxiliary variables,Angiola Pollastri,,,,,,https://hdl.handle.net/10281/36075
Statistics and Applications,XXIV,2013,Francesco Santoro,Curva di ineguaglianza I(p) e scomposizione per fonti di reddito dell'indice I di Zenga: applicazioni sulla serie storica dei redditi familiari italiani,Michele Zenga,,,,,,https://hdl.handle.net/10281/40014
Statistics,XXIII,2011,Viviana Amati,New statistics for the parameters estimation of the stochastic actor-oriented model for network change,Piero Quatto,Tom A. B. Snijders (Univ. Oxford),Piero Quatto,Academia,"Associate Professor, University of Milano-Bicocca",,https://hdl.handle.net/10281/19389
Statistics,XXIII,2011,Federico Andreis,The role of HRT exposure in breast cancer etiology: a causal inference approach,Rino Bellocco,Keith Humphreys (Karolinska Institutet),,,,,https://hdl.handle.net/10281/19340
Statistics,XXIII,2011,Marta Angelici,Multilevel and stochastic frontier models: a comparison and a joint approach of their performances when investigating panel data,Giorgio Vittadini,Gianmaria Martini (Univ. Bergamo),Giorgio Vittadini,,,,https://hdl.handle.net/10281/19410
Statistics,XXIII,2011,Ileana Baldi,On the proof of efficacy of functional foods: design considerations,Dario Gregori (Univ. Padova),,,Academia,"Associate Professor, University of Padova",,https://hdl.handle.net/10281/23555
Statistics,XXIII,2011,Cristina Menni,Population stratification in genome-wide association studies: a comparison among different multivariate analysis methods for dimensionality reduction,Pietro Giorgio Lovaglio,Nadia Solaro,,Academia,"Associate Professor, University of Milan",,https://hdl.handle.net/10281/19317
Statistics,XXIII,2011,Daniele Riggi,Mixture factor model for hierarchical data structure and applications to the italian educational school system,Salvatore Ingrassia (Univ. Catania),Jeroen K. Vermunt (Tilburg Univ.),Salvatore Ingrassia (Univ. Catania),,,,https://hdl.handle.net/10281/19465
Statistics,XXIII,2011,Isabella Romeo,A model for the evaluation of graduates' first long-term job on labour market history,Giorgio Vittadini,Fulvia Pennoni,Giorgio Vittadini,,,,https://hdl.handle.net/10281/19391
Statistics and Applications,XXIII,2011,Alberto Giovanni Arcagni,La deterninazione dei parametri di un nuovo modello distributivo per variabili non negative: aspetti metodologici e applicazioni,Michele Zenga,,,Academia,"Associate Professor, Sapienza University of Rome",,https://hdl.handle.net/10281/25757
Statistics and Applications,XXIII,2011,Marta Nai Ruscone,Modelli gerarchici: aspetti metodologici e ambiti di applicazione,Giuseppe Boari (Univ. Cattolica),,,Academia,"Associate Professor, University of Genoa",,https://hdl.handle.net/10281/25272
Statistics,XXII,2011,Rosa Falotico,Modelli ad Equazioni Strutturali e Reti Probabilistiche Bayesiane: due approcci a confronto nello studio di relazioni causali,Pier Alda Ferrari (Univ. Milano),Vincenzo Esposito Vinzi (ESSEC),Pier Alda Ferrari (Univ. Milano),,,,https://hdl.handle.net/10281/19444
Statistics,XXII,2010,Silvana Antonietta Romio,Modelli marginali strutturali per lo studio dell'effetto causale di fattori di rischio in presenza di confondenti tempo dipendenti,Giovanni Corrao,,,,,,https://hdl.handle.net/10281/8048
Statistics,XXII,2010,Francesca Torti,Advances in the forward search: methodological and applied contributions,Marco Riani (Univ. Parma),,,,,,https://hdl.handle.net/10281/7791
Statistics and Applications,XXII,2010,Tommaso Lando,Funzionali statistici nella classe delle equazioni di stima generalizzate,Lucio Bertoli-Barsotti (Univ. Bergamo),,,Academia,"Associate Professor, University of Bergamo",,https://hdl.handle.net/10281/16889
Statistics and Applications,XXII,2010,Anna Simonetto,Estimation procedures for latent variable models with psychological traits,Maurizio Carpita (Univ. Brescia),,,Academia,"Associate Professor, University of Brescia",,https://hdl.handle.net/10281/17370
Statistics,XXI,2010,Giorgio Plazzi,Costruzione di una scala di misura per l'apprendimento della matematica nella scuola primaria,Enrico Gori (Univ. Udine),,,,,,https://hdl.handle.net/10281/7795
Statistics,XX,2011,Arianna Carra,Metodi statistici per lo studio della povertà. Applicazioni e analisi della realtà milanese,Gian Carlo Blangiardo,,,,,,https://hdl.handle.net/10281/19872
