cycle,name,website,supervisor,co_supervisor,tutor
XXXVIII,Muhammad Amir Saeed,,Antonio Candelieri,,Bernardo Nipoti
XXXVIII,Valentina Zangirolami,https://valentinazangirolami.github.io/,Chengchun Shi (LSE),Matteo Borrotti,Matteo Borrotti
XXXVIII,Marco Zanotti,https://marcozanotti.netlify.app/,Matteo Pelagatti,,Alessia Pini (Univ. Cattolica)
XXXVIII,Caterina Daidone,,Roberto Lillini (INT Milano),,Riccardo Borgoni
XXXVIII,Tamara Vasiljev,,Francesca Greselin,,Francesca Greselin
XXXVIII,Paola Galfrascoli,,Elisa Ossola,Gianna Monti,Carlo Andrea Bollino (Univ. Perugia)
XXXIX,Sadia Saba,,Antonio Candelieri,,Francesca Greselin
XXXIX,Hunachew Kibret Yohannis,,Riccardo Borgoni,Andrea Gilardi,Piero Quatto
XXXIX,Arsalan Khan,,Fulvia Pennoni,Felix Clouth (Tilburg Univ.),Tommaso Rigon
XXXIX,Zanib Qayyum,,Paolo Maranzano,,Fulvia Pennoni
XL,Andrea Teruzzi,https://andreateruzzi.github.io/,Mario Beraha,,Tommaso Rigon
XL,Anna Petranzan,https://sites.google.com/campus.unimib.it/anna-petranzan/,Federico Camerlenghi,Tommaso Rigon,Federico Camerlenghi
XL,Laura Ferrini,https://lauraferrini.github.io/,Federico Castelletti (Univ. Cattolica),,Federico Castelletti (Univ. Cattolica)
XL,Luciano Rota,,Raffaele Argiento (Univ. Bergamo),Michela Cameletti (Univ. Bergamo),Michela Cameletti (Univ. Bergamo)
XL,Jacopo Gardella,,Raffaele Argiento (Univ. Bergamo),Alessia Pini (Univ. Cattolica),Raffaele Argiento (Univ. Bergamo)
XL,Simone Mirabella,,Paolo Maranzano,,
XLI,Vladimir Badalyan,,,,Federico Camerlenghi
XLI,Alberto Conforti,,,,Fulvia Pennoni
XLI,Nicolò Di Luzio,,,,Tommaso Rigon
XLI,Sara Selvaggia Guerini,,,,Raffaele Argiento (Univ. Bergamo)
XLI,Matteo Mantegazza,,,,Stefano Peluso (Univ. Cattolica)
XLI,Riccardo Pajno,,,,Riccardo Borgoni
XLII,Benedetta Sabina Leone,,,,
XLII,Maria Regina Mucilli,,,,
XLII,Nicolò Melchioretto,,,,
XLII,Matteo Moltrasio,,,,
XLII,Stefano Madona,,,,
XLII,Marcello Prosperi,,,,
